Leg,Round,Right Fencer,Left Fencer,Right Score,Left Score,MOV,Outcome,Scaled Outcome
20251,pool1,BUGARING DENZEL KENT,LARGO ZEBASTIAN ISAIAH,3.0,5.0,-2.0,0,0.3
20251,pool1,MENDOZA JAIRUS,JOSE NOELITO JR.,0.0,5.0,-5.0,0,0.0
20251,pool1,CORSIGA RAFAEL,SESE JUANCHO MIGUEL,0.0,5.0,-5.0,0,0.0
20251,pool1,JOSE NOELITO JR.,BUGARING DENZEL KENT,5.0,0.0,5.0,1,1.0
20251,pool1,LARGO ZEBASTIAN ISAIAH,CORSIGA RAFAEL,5.0,4.0,1.0,1,0.6
20251,pool1,SESE JUANCHO MIGUEL,MENDOZA JAIRUS,5.0,4.0,1.0,1,0.6
20251,pool1,BUGARING DENZEL KENT,CORSIGA RAFAEL,5.0,3.0,2.0,1,0.7
20251,pool1,JOSE NOELITO JR.,SESE JUANCHO MIGUEL,5.0,0.0,5.0,1,1.0
20251,pool1,MENDOZA JAIRUS,LARGO ZEBASTIAN ISAIAH,4.0,5.0,-1.0,0,0.4
20251,pool1,SESE JUANCHO MIGUEL,BUGARING DENZEL KENT,5.0,4.0,1.0,1,0.6
20251,pool1,CORSIGA RAFAEL,MENDOZA JAIRUS,2.0,5.0,-3.0,0,0.2
20251,pool1,LARGO ZEBASTIAN ISAIAH,JOSE NOELITO JR.,2.0,5.0,-3.0,0,0.2
20251,pool1,BUGARING DENZEL KENT,MENDOZA JAIRUS,3.0,5.0,-2.0,0,0.3
20251,pool1,SESE JUANCHO MIGUEL,LARGO ZEBASTIAN ISAIAH,3.0,5.0,-2.0,0,0.3
20251,pool1,JOSE NOELITO JR.,CORSIGA RAFAEL,5.0,1.0,4.0,1,0.9
20251,pool2,CARLOS KYLE ADAM,MAYO MATT JACOB,5.0,3.0,2.0,1,0.7
20251,pool2,CABRERA JOSE FABER,TAN MICHAEL HIJO,5.0,3.0,2.0,1,0.7
20251,pool2,GERONIMO DON REYZEL,ERGINA LEE EIGRAN,0.0,5.0,-5.0,0,0.0
20251,pool2,TAN MICHAEL HIJO,CARLOS KYLE ADAM,5.0,1.0,4.0,1,0.9
20251,pool2,GERONIMO DON REYZEL,MAYO MATT JACOB,5.0,4.0,1.0,1,0.6
20251,pool2,ERGINA LEE EIGRAN,CABRERA JOSE FABER,3.0,5.0,-2.0,0,0.3
20251,pool2,CARLOS KYLE ADAM,GERONIMO DON REYZEL,4.0,5.0,-1.0,0,0.4
20251,pool2,TAN MICHAEL HIJO,ERGINA LEE EIGRAN,2.0,5.0,-3.0,0,0.2
20251,pool2,CABRERA JOSE FABER,MAYO MATT JACOB,5.0,2.0,3.0,1,0.8
20251,pool2,ERGINA LEE EIGRAN,CARLOS KYLE ADAM,5.0,0.0,5.0,1,1.0
20251,pool2,GERONIMO DON REYZEL,CABRERA JOSE FABER,3.0,5.0,-2.0,0,0.3
20251,pool2,TAN MICHAEL HIJO,MAYO MATT JACOB,4.0,5.0,-1.0,0,0.4
20251,pool2,CARLOS KYLE ADAM,CABRERA JOSE FABER,1.0,5.0,-4.0,0,0.09999999999999998
20251,pool2,ERGINA LEE EIGRAN,MAYO MATT JACOB,5.0,1.0,4.0,1,0.9
20251,pool2,TAN MICHAEL HIJO,GERONIMO DON REYZEL,5.0,2.0,3.0,1,0.8
20251,pool3,BOO TRUE MALACHI,GATMAYTAN SAMUEL,3.0,5.0,-2.0,0,0.3
20251,pool3,DEVEZA LUIS INIGO,JACINTO LUCAS,3.0,5.0,-2.0,0,0.3
20251,pool3,DATOR ALLAN,GONZALES TIMOTHY DALE,3.0,5.0,-2.0,0,0.3
20251,pool3,JACINTO LUCAS,BOO TRUE MALACHI,5.0,1.0,4.0,1,0.9
20251,pool3,GATMAYTAN SAMUEL,GONZALES TIMOTHY DALE,2.0,5.0,-3.0,0,0.2
20251,pool3,DATOR ALLAN,DEVEZA LUIS INIGO,5.0,4.0,1.0,1,0.6
20251,pool3,BOO TRUE MALACHI,GONZALES TIMOTHY DALE,2.0,5.0,-3.0,0,0.2
20251,pool3,JACINTO LUCAS,DATOR ALLAN,5.0,3.0,2.0,1,0.7
20251,pool3,DEVEZA LUIS INIGO,GATMAYTAN SAMUEL,5.0,0.0,5.0,1,1.0
20251,pool3,DATOR ALLAN,BOO TRUE MALACHI,5.0,2.0,3.0,1,0.8
20251,pool3,DEVEZA LUIS INIGO,GONZALES TIMOTHY DALE,0.0,5.0,-5.0,0,0.0
20251,pool3,GATMAYTAN SAMUEL,JACINTO LUCAS,3.0,5.0,-2.0,0,0.3
20251,pool3,BOO TRUE MALACHI,DEVEZA LUIS INIGO,5.0,3.0,2.0,1,0.7
20251,pool3,DATOR ALLAN,GATMAYTAN SAMUEL,2.0,5.0,-3.0,0,0.2
20251,pool3,JACINTO LUCAS,GONZALES TIMOTHY DALE,1.0,5.0,-4.0,0,0.09999999999999998
20251,pool4,ONG MARIXON,LAURON SEAN PATRICK,0.0,5.0,-5.0,0,0.0
20251,pool4,ESTEPA RODGE TRIONE,ESTEPA RODLEY FOURTH,4.0,5.0,-1.0,0,0.4
20251,pool4,RODRIGUEZ VINCE BENJAMIN,BERNAL KIETH MEANFRED,5.0,1.0,4.0,1,0.9
20251,pool4,ESTEPA RODLEY FOURTH,ONG MARIXON,5.0,3.0,2.0,1,0.7
20251,pool4,LAURON SEAN PATRICK,RODRIGUEZ VINCE BENJAMIN,5.0,2.0,3.0,1,0.8
20251,pool4,BERNAL KIETH MEANFRED,ESTEPA RODGE TRIONE,3.0,5.0,-2.0,0,0.3
20251,pool4,ONG MARIXON,RODRIGUEZ VINCE BENJAMIN,1.0,5.0,-4.0,0,0.09999999999999998
20251,pool4,ESTEPA RODLEY FOURTH,BERNAL KIETH MEANFRED,1.0,5.0,-4.0,0,0.09999999999999998
20251,pool4,ESTEPA RODGE TRIONE,LAURON SEAN PATRICK,3.0,5.0,-2.0,0,0.3
20251,pool4,BERNAL KIETH MEANFRED,ONG MARIXON,4.0,5.0,-1.0,0,0.4
20251,pool4,RODRIGUEZ VINCE BENJAMIN,ESTEPA RODGE TRIONE,4.0,5.0,-1.0,0,0.4
20251,pool4,LAURON SEAN PATRICK,ESTEPA RODLEY FOURTH,5.0,1.0,4.0,1,0.9
20251,pool4,ONG MARIXON,ESTEPA RODGE TRIONE,5.0,4.0,1.0,1,0.6
20251,pool4,BERNAL KIETH MEANFRED,LAURON SEAN PATRICK,1.0,5.0,-4.0,0,0.09999999999999998
20251,pool4,ESTEPA RODLEY FOURTH,RODRIGUEZ VINCE BENJAMIN,2.0,5.0,-3.0,0,0.2
20251,pool5,BAUTISTA JOSE LORENZO,ARIAS CALEB LEON,5.0,3.0,2.0,1,0.7
20251,pool5,MUNOZ DEEN RAFAEL,MALINAO JOHN AGASTI,5.0,4.0,1.0,1,0.6
20251,pool5,RAMOS JOHN DEXTER,GALE VON EUBERT,4.0,3.0,1.0,1,0.625
20251,pool5,MALINAO JOHN AGASTI,BAUTISTA JOSE LORENZO,5.0,0.0,5.0,1,1.0
20251,pool5,ARIAS CALEB LEON,RAMOS JOHN DEXTER,2.0,5.0,-3.0,0,0.2
20251,pool5,GALE VON EUBERT,MUNOZ DEEN RAFAEL,4.0,3.0,1.0,1,0.625
20251,pool5,BAUTISTA JOSE LORENZO,RAMOS JOHN DEXTER,2.0,5.0,-3.0,0,0.2
20251,pool5,MALINAO JOHN AGASTI,GALE VON EUBERT,2.0,5.0,-3.0,0,0.2
20251,pool5,MUNOZ DEEN RAFAEL,ARIAS CALEB LEON,5.0,3.0,2.0,1,0.7
20251,pool5,GALE VON EUBERT,BAUTISTA JOSE LORENZO,5.0,3.0,2.0,1,0.7
20251,pool5,RAMOS JOHN DEXTER,MUNOZ DEEN RAFAEL,5.0,2.0,3.0,1,0.8
20251,pool5,ARIAS CALEB LEON,MALINAO JOHN AGASTI,4.0,5.0,-1.0,0,0.4
20251,pool5,BAUTISTA JOSE LORENZO,MUNOZ DEEN RAFAEL,3.0,5.0,-2.0,0,0.3
20251,pool5,GALE VON EUBERT,ARIAS CALEB LEON,5.0,1.0,4.0,1,0.9
20251,pool5,MALINAO JOHN AGASTI,RAMOS JOHN DEXTER,4.0,5.0,-1.0,0,0.4
20251,pool6,PUTIAN ADAM,GODBOUT JOSEPH ANTHONY,4.0,5.0,-1.0,0,0.4
20251,pool6,DELA CRUZ DOMINIQUE PAUL,BUNAGAN GABRIEL,5.0,2.0,3.0,1,0.8
20251,pool6,ARIAS ANTHONY BERNARD,PUTIAN ADAM,4.0,5.0,-1.0,0,0.4
20251,pool6,GODBOUT JOSEPH ANTHONY,DELA CRUZ DOMINIQUE PAUL,3.0,5.0,-2.0,0,0.3
20251,pool6,ARIAS ANTHONY BERNARD,BUNAGAN GABRIEL,3.0,5.0,-2.0,0,0.3
20251,pool6,PUTIAN ADAM,DELA CRUZ DOMINIQUE PAUL,5.0,0.0,5.0,1,1.0
20251,pool6,GODBOUT JOSEPH ANTHONY,ARIAS ANTHONY BERNARD,5.0,2.0,3.0,1,0.8
20251,pool6,BUNAGAN GABRIEL,PUTIAN ADAM,2.0,5.0,-3.0,0,0.2
20251,pool6,DELA CRUZ DOMINIQUE PAUL,ARIAS ANTHONY BERNARD,5.0,1.0,4.0,1,0.9
20251,pool6,BUNAGAN GABRIEL,GODBOUT JOSEPH ANTHONY,4.0,5.0,-1.0,0,0.4
20251,pool7,NUNEZ RAMON ANGELO GABRIEL,PANES KEN,1.0,5.0,-4.0,0,0.09999999999999998
20251,pool7,MAMURIC JOSE SR,PEREZ REYNALDO JR,3.0,5.0,-2.0,0,0.3
20251,pool7,DIMAILIG CARLOS,FUENTES ENRICO GABRIEL,5.0,2.0,3.0,1,0.8
20251,pool7,PEREZ REYNALDO JR,PANES KEN,5.0,0.0,5.0,1,1.0
20251,pool7,NUNEZ RAMON ANGELO GABRIEL,DIMAILIG CARLOS,2.0,5.0,-3.0,0,0.2
20251,pool7,FUENTES ENRICO GABRIEL,MAMURIC JOSE SR,5.0,2.0,3.0,1,0.8
20251,pool7,DIMAILIG CARLOS,PANES KEN,5.0,4.0,1.0,1,0.6
20251,pool7,PEREZ REYNALDO JR,FUENTES ENRICO GABRIEL,5.0,2.0,3.0,1,0.8
20251,pool7,MAMURIC JOSE SR,NUNEZ RAMON ANGELO GABRIEL,4.0,5.0,-1.0,0,0.4
20251,pool7,FUENTES ENRICO GABRIEL,PANES KEN,5.0,2.0,3.0,1,0.8
20251,pool7,DIMAILIG CARLOS,MAMURIC JOSE SR,5.0,3.0,2.0,1,0.7
20251,pool7,NUNEZ RAMON ANGELO GABRIEL,PEREZ REYNALDO JR,1.0,5.0,-4.0,0,0.09999999999999998
20251,pool7,MAMURIC JOSE SR,PANES KEN,0.0,5.0,-5.0,0,0.0
20251,pool7,FUENTES ENRICO GABRIEL,NUNEZ RAMON ANGELO GABRIEL,5.0,2.0,3.0,1,0.8
20251,pool7,PEREZ REYNALDO JR,DIMAILIG CARLOS,5.0,1.0,4.0,1,0.9
20251,pool8,PERALTA SIDNEY DEMITRI,BUENTIPO JR. MEYNARDO EDWARD CARLO,1.0,5.0,-4.0,0,0.09999999999999998
20251,pool8,THAI JOTHAM,PANGILINAN ABI FRANCE,3.0,5.0,-2.0,0,0.3
20251,pool8,HO CALIX ANDREAS,OCAMPO TAN ALLAN,5.0,0.0,5.0,1,1.0
20251,pool8,PANGILINAN ABI FRANCE,PERALTA SIDNEY DEMITRI,2.0,3.0,-1.0,0,0.33333333333333337
20251,pool8,BUENTIPO JR. MEYNARDO EDWARD CARLO,HO CALIX ANDREAS,2.0,5.0,-3.0,0,0.2
20251,pool8,OCAMPO TAN ALLAN,THAI JOTHAM,4.0,5.0,-1.0,0,0.4
20251,pool8,PERALTA SIDNEY DEMITRI,HO CALIX ANDREAS,4.0,5.0,-1.0,0,0.4
20251,pool8,PANGILINAN ABI FRANCE,OCAMPO TAN ALLAN,5.0,4.0,1.0,1,0.6
20251,pool8,THAI JOTHAM,BUENTIPO JR. MEYNARDO EDWARD CARLO,3.0,5.0,-2.0,0,0.3
20251,pool8,OCAMPO TAN ALLAN,PERALTA SIDNEY DEMITRI,3.0,5.0,-2.0,0,0.3
20251,pool8,HO CALIX ANDREAS,THAI JOTHAM,5.0,1.0,4.0,1,0.9
20251,pool8,BUENTIPO JR. MEYNARDO EDWARD CARLO,PANGILINAN ABI FRANCE,5.0,1.0,4.0,1,0.9
20251,pool8,PERALTA SIDNEY DEMITRI,THAI JOTHAM,5.0,4.0,1.0,1,0.6
20251,pool8,OCAMPO TAN ALLAN,BUENTIPO JR. MEYNARDO EDWARD CARLO,3.0,5.0,-2.0,0,0.3
20251,pool8,PANGILINAN ABI FRANCE,HO CALIX ANDREAS,1.0,5.0,-4.0,0,0.09999999999999998
20251,pool9,BAUTISTA GABRIEL ANTONIO,ENCELAN RAMIL JR.,0.0,5.0,-5.0,0,0.0
20251,pool9,PABALAN BRIANNE KLYDE,CAPINA DUNHILL,3.0,5.0,-2.0,0,0.3
20251,pool9,ICASIANO AURELIO,SIN MAGNUS AURELIUS,2.0,5.0,-3.0,0,0.2
20251,pool9,CAPINA DUNHILL,BAUTISTA GABRIEL ANTONIO,5.0,3.0,2.0,1,0.7
20251,pool9,ENCELAN RAMIL JR.,ICASIANO AURELIO,5.0,3.0,2.0,1,0.7
20251,pool9,SIN MAGNUS AURELIUS,PABALAN BRIANNE KLYDE,4.0,5.0,-1.0,0,0.4
20251,pool9,BAUTISTA GABRIEL ANTONIO,ICASIANO AURELIO,5.0,3.0,2.0,1,0.7
20251,pool9,CAPINA DUNHILL,SIN MAGNUS AURELIUS,5.0,2.0,3.0,1,0.8
20251,pool9,PABALAN BRIANNE KLYDE,ENCELAN RAMIL JR.,5.0,1.0,4.0,1,0.9
20251,pool9,SIN MAGNUS AURELIUS,BAUTISTA GABRIEL ANTONIO,5.0,3.0,2.0,1,0.7
20251,pool9,ICASIANO AURELIO,PABALAN BRIANNE KLYDE,1.0,5.0,-4.0,0,0.09999999999999998
20251,pool9,ENCELAN RAMIL JR.,CAPINA DUNHILL,4.0,5.0,-1.0,0,0.4
20251,pool9,BAUTISTA GABRIEL ANTONIO,PABALAN BRIANNE KLYDE,1.0,5.0,-4.0,0,0.09999999999999998
20251,pool9,SIN MAGNUS AURELIUS,ENCELAN RAMIL JR.,1.0,5.0,-4.0,0,0.09999999999999998
20251,pool9,CAPINA DUNHILL,ICASIANO AURELIO,5.0,1.0,4.0,1,0.9
20251,pool10,TEE JACOB,BAUTISTA JIAN MIGUEL,1.0,5.0,-4.0,0,0.09999999999999998
20251,pool10,SALALIMA RALPH NIELSEN,ENSAMTAN EDAN YAKOV,2.0,5.0,-3.0,0,0.2
20251,pool10,CANAVERAL JUDE KADMIEL,GALLANO RUZEL,3.0,5.0,-2.0,0,0.3
20251,pool10,ENSAMTAN EDAN YAKOV,TEE JACOB,5.0,4.0,1.0,1,0.6
20251,pool10,BAUTISTA JIAN MIGUEL,CANAVERAL JUDE KADMIEL,5.0,1.0,4.0,1,0.9
20251,pool10,GALLANO RUZEL,SALALIMA RALPH NIELSEN,5.0,4.0,1.0,1,0.6
20251,pool10,TEE JACOB,CANAVERAL JUDE KADMIEL,5.0,2.0,3.0,1,0.8
20251,pool10,ENSAMTAN EDAN YAKOV,GALLANO RUZEL,1.0,5.0,-4.0,0,0.09999999999999998
20251,pool10,SALALIMA RALPH NIELSEN,BAUTISTA JIAN MIGUEL,1.0,5.0,-4.0,0,0.09999999999999998
20251,pool10,GALLANO RUZEL,TEE JACOB,5.0,3.0,2.0,1,0.7
20251,pool10,CANAVERAL JUDE KADMIEL,SALALIMA RALPH NIELSEN,4.0,5.0,-1.0,0,0.4
20251,pool10,BAUTISTA JIAN MIGUEL,ENSAMTAN EDAN YAKOV,5.0,3.0,2.0,1,0.7
20251,pool10,TEE JACOB,SALALIMA RALPH NIELSEN,3.0,5.0,-2.0,0,0.3
20251,pool10,GALLANO RUZEL,BAUTISTA JIAN MIGUEL,4.0,5.0,-1.0,0,0.4
20251,pool10,ENSAMTAN EDAN YAKOV,CANAVERAL JUDE KADMIEL,5.0,0.0,5.0,1,1.0
20251,pool11,DIVINAGRACIA JOAQUIN JIBRIL,MASANAGA RYUICHIRO,2.0,5.0,-3.0,0,0.2
20251,pool11,YANOS KHENETH,OBZUNAR AURELL FLORENCE,4.0,5.0,-1.0,0,0.4
20251,pool11,COMALING MICHAEL VER ANTON,MALVAR LORENZO MIGUEL,3.0,5.0,-2.0,0,0.3
20251,pool11,OBZUNAR AURELL FLORENCE,DIVINAGRACIA JOAQUIN JIBRIL,5.0,3.0,2.0,1,0.7
20251,pool11,MASANAGA RYUICHIRO,COMALING MICHAEL VER ANTON,5.0,3.0,2.0,1,0.7
20251,pool11,MALVAR LORENZO MIGUEL,YANOS KHENETH,5.0,1.0,4.0,1,0.9
20251,pool11,DIVINAGRACIA JOAQUIN JIBRIL,COMALING MICHAEL VER ANTON,1.0,5.0,-4.0,0,0.09999999999999998
20251,pool11,OBZUNAR AURELL FLORENCE,MALVAR LORENZO MIGUEL,4.0,3.0,1.0,1,0.625
20251,pool11,YANOS KHENETH,MASANAGA RYUICHIRO,5.0,4.0,1.0,1,0.6
20251,pool11,MALVAR LORENZO MIGUEL,DIVINAGRACIA JOAQUIN JIBRIL,5.0,0.0,5.0,1,1.0
20251,pool11,COMALING MICHAEL VER ANTON,YANOS KHENETH,3.0,5.0,-2.0,0,0.3
20251,pool11,MASANAGA RYUICHIRO,OBZUNAR AURELL FLORENCE,3.0,5.0,-2.0,0,0.3
20251,pool11,DIVINAGRACIA JOAQUIN JIBRIL,YANOS KHENETH,0.0,5.0,-5.0,0,0.0
20251,pool11,MALVAR LORENZO MIGUEL,MASANAGA RYUICHIRO,5.0,3.0,2.0,1,0.7
20251,pool11,OBZUNAR AURELL FLORENCE,COMALING MICHAEL VER ANTON,5.0,3.0,2.0,1,0.7
20251,pool12,DEL CASTILLO OSCAR GABRIEL,GRAHAM CHRISTOPHER FRANCIS,5.0,1.0,4.0,1,0.9
20251,pool12,BLANCH ALECSANDREI ETHAN,ANG SEAN TIMOTHY,5.0,0.0,5.0,1,1.0
20251,pool12,DE SILOS JOAQUIN PABLO,ROMAN JESSLY REYAN,3.0,5.0,-2.0,0,0.3
20251,pool12,ANG SEAN TIMOTHY,DEL CASTILLO OSCAR GABRIEL,0.0,5.0,-5.0,0,0.0
20251,pool12,GRAHAM CHRISTOPHER FRANCIS,DE SILOS JOAQUIN PABLO,5.0,3.0,2.0,1,0.7
20251,pool12,ROMAN JESSLY REYAN,BLANCH ALECSANDREI ETHAN,5.0,4.0,1.0,1,0.6
20251,pool12,DEL CASTILLO OSCAR GABRIEL,DE SILOS JOAQUIN PABLO,5.0,3.0,2.0,1,0.7
20251,pool12,ANG SEAN TIMOTHY,ROMAN JESSLY REYAN,3.0,5.0,-2.0,0,0.3
20251,pool12,BLANCH ALECSANDREI ETHAN,GRAHAM CHRISTOPHER FRANCIS,5.0,3.0,2.0,1,0.7
20251,pool12,ROMAN JESSLY REYAN,DEL CASTILLO OSCAR GABRIEL,5.0,4.0,1.0,1,0.6
20251,pool12,DE SILOS JOAQUIN PABLO,BLANCH ALECSANDREI ETHAN,3.0,5.0,-2.0,0,0.3
20251,pool12,GRAHAM CHRISTOPHER FRANCIS,ANG SEAN TIMOTHY,3.0,4.0,-1.0,0,0.375
20251,pool12,DEL CASTILLO OSCAR GABRIEL,BLANCH ALECSANDREI ETHAN,5.0,1.0,4.0,1,0.9
20251,pool12,ROMAN JESSLY REYAN,GRAHAM CHRISTOPHER FRANCIS,5.0,4.0,1.0,1,0.6
20251,pool12,ANG SEAN TIMOTHY,DE SILOS JOAQUIN PABLO,4.0,5.0,-1.0,0,0.4
20252,pool1,CARLOS KYLE ADAM,ANG SEAN TIMOTHY,1.0,5.0,-4.0,0,0.09999999999999998
20252,pool1,BLANCH ALECSANDREI ETHAN,DE GUZMAN REYNALDO,5.0,0.0,5.0,1,1.0
20252,pool1,FUENTES ENRICO GABRIEL,JOSE NOELITO JR.,2.0,5.0,-3.0,0,0.2
20252,pool1,DE GUZMAN REYNALDO,CARLOS KYLE ADAM,5.0,2.0,3.0,1,0.8
20252,pool1,ANG SEAN TIMOTHY,FUENTES ENRICO GABRIEL,0.0,5.0,-5.0,0,0.0
20252,pool1,JOSE NOELITO JR.,BLANCH ALECSANDREI ETHAN,5.0,3.0,2.0,1,0.7
20252,pool1,CARLOS KYLE ADAM,FUENTES ENRICO GABRIEL,1.0,5.0,-4.0,0,0.09999999999999998
20252,pool1,DE GUZMAN REYNALDO,JOSE NOELITO JR.,0.0,5.0,-5.0,0,0.0
20252,pool1,BLANCH ALECSANDREI ETHAN,ANG SEAN TIMOTHY,5.0,2.0,3.0,1,0.8
20252,pool1,JOSE NOELITO JR.,CARLOS KYLE ADAM,5.0,1.0,4.0,1,0.9
20252,pool1,FUENTES ENRICO GABRIEL,BLANCH ALECSANDREI ETHAN,5.0,4.0,1.0,1,0.6
20252,pool1,ANG SEAN TIMOTHY,DE GUZMAN REYNALDO,1.0,2.0,-1.0,0,0.25
20252,pool1,CARLOS KYLE ADAM,BLANCH ALECSANDREI ETHAN,3.0,5.0,-2.0,0,0.3
20252,pool1,JOSE NOELITO JR.,ANG SEAN TIMOTHY,5.0,0.0,5.0,1,1.0
20252,pool1,DE GUZMAN REYNALDO,FUENTES ENRICO GABRIEL,1.0,5.0,-4.0,0,0.09999999999999998
20252,pool2,NUNEZ RAMON ANGELO GABRIEL,ENSAMTAN EDAN YAKOV,3.0,5.0,-2.0,0,0.3
20252,pool2,RAMOS THADDEUS,ENCELAN RAMIL JR.,3.0,5.0,-2.0,0,0.3
20252,pool2,ERGINA LEE EIGRAN,BAUTISTA GABRIEL ANTONIO,5.0,1.0,4.0,1,0.9
20252,pool2,ENCELAN RAMIL JR.,NUNEZ RAMON ANGELO GABRIEL,5.0,1.0,4.0,1,0.9
20252,pool2,ENSAMTAN EDAN YAKOV,ERGINA LEE EIGRAN,4.0,5.0,-1.0,0,0.4
20252,pool2,BAUTISTA GABRIEL ANTONIO,RAMOS THADDEUS,2.0,5.0,-3.0,0,0.2
20252,pool2,NUNEZ RAMON ANGELO GABRIEL,ERGINA LEE EIGRAN,0.0,5.0,-5.0,0,0.0
20252,pool2,ENCELAN RAMIL JR.,BAUTISTA GABRIEL ANTONIO,5.0,3.0,2.0,1,0.7
20252,pool2,RAMOS THADDEUS,ENSAMTAN EDAN YAKOV,4.0,5.0,-1.0,0,0.4
20252,pool2,BAUTISTA GABRIEL ANTONIO,NUNEZ RAMON ANGELO GABRIEL,5.0,1.0,4.0,1,0.9
20252,pool2,ERGINA LEE EIGRAN,RAMOS THADDEUS,5.0,2.0,3.0,1,0.8
20252,pool2,ENSAMTAN EDAN YAKOV,ENCELAN RAMIL JR.,5.0,4.0,1.0,1,0.6
20252,pool2,NUNEZ RAMON ANGELO GABRIEL,RAMOS THADDEUS,5.0,2.0,3.0,1,0.8
20252,pool2,BAUTISTA GABRIEL ANTONIO,ENSAMTAN EDAN YAKOV,4.0,5.0,-1.0,0,0.4
20252,pool2,ENCELAN RAMIL JR.,ERGINA LEE EIGRAN,0.0,5.0,-5.0,0,0.0
20252,pool3,SON DIEGO RAFAEL,GONZALES TIMOTHY DALE,2.0,5.0,-3.0,0,0.2
20252,pool3,BUGARING DENZEL KENT,ARIAS ANTHONY BERNARD,2.0,5.0,-3.0,0,0.2
20252,pool3,PERALTA SIDNEY DEMITRI,RODRIGUEZ VINCE BENJAMIN,4.0,5.0,-1.0,0,0.4
20252,pool3,ARIAS ANTHONY BERNARD,SON DIEGO RAFAEL,4.0,5.0,-1.0,0,0.4
20252,pool3,PERALTA SIDNEY DEMITRI,GONZALES TIMOTHY DALE,3.0,5.0,-2.0,0,0.3
20252,pool3,RODRIGUEZ VINCE BENJAMIN,BUGARING DENZEL KENT,5.0,4.0,1.0,1,0.6
20252,pool3,SON DIEGO RAFAEL,PERALTA SIDNEY DEMITRI,2.0,5.0,-3.0,0,0.2
20252,pool3,ARIAS ANTHONY BERNARD,RODRIGUEZ VINCE BENJAMIN,3.0,5.0,-2.0,0,0.3
20252,pool3,BUGARING DENZEL KENT,GONZALES TIMOTHY DALE,1.0,5.0,-4.0,0,0.09999999999999998
20252,pool3,RODRIGUEZ VINCE BENJAMIN,SON DIEGO RAFAEL,5.0,3.0,2.0,1,0.7
20252,pool3,PERALTA SIDNEY DEMITRI,BUGARING DENZEL KENT,5.0,2.0,3.0,1,0.8
20252,pool3,ARIAS ANTHONY BERNARD,GONZALES TIMOTHY DALE,2.0,5.0,-3.0,0,0.2
20252,pool3,SON DIEGO RAFAEL,BUGARING DENZEL KENT,5.0,4.0,1.0,1,0.6
20252,pool3,RODRIGUEZ VINCE BENJAMIN,GONZALES TIMOTHY DALE,2.0,5.0,-3.0,0,0.2
20252,pool3,ARIAS ANTHONY BERNARD,PERALTA SIDNEY DEMITRI,2.0,5.0,-3.0,0,0.2
20252,pool4,IGARES DUSTIN,LAURON SEAN PATRICK,0.0,5.0,-5.0,0,0.0
20252,pool4,OCAMPO TAN ALLAN,PANES KEN,0.0,5.0,-5.0,0,0.0
20252,pool4,BERNAL KIETH MEANFRED,GODBOUT JOSEPH ANTHONY,4.0,2.0,2.0,1,0.75
20252,pool4,IGARES DUSTIN,PANES KEN,5.0,4.0,1.0,1,0.6
20252,pool4,LAURON SEAN PATRICK,BERNAL KIETH MEANFRED,5.0,0.0,5.0,1,1.0
20252,pool4,GODBOUT JOSEPH ANTHONY,OCAMPO TAN ALLAN,2.0,5.0,-3.0,0,0.2
20252,pool4,IGARES DUSTIN,BERNAL KIETH MEANFRED,1.0,5.0,-4.0,0,0.09999999999999998
20252,pool4,GODBOUT JOSEPH ANTHONY,PANES KEN,5.0,2.0,3.0,1,0.8
20252,pool4,OCAMPO TAN ALLAN,LAURON SEAN PATRICK,0.0,5.0,-5.0,0,0.0
20252,pool4,GODBOUT JOSEPH ANTHONY,IGARES DUSTIN,5.0,4.0,1.0,1,0.6
20252,pool4,BERNAL KIETH MEANFRED,OCAMPO TAN ALLAN,3.0,5.0,-2.0,0,0.3
20252,pool4,LAURON SEAN PATRICK,PANES KEN,5.0,4.0,1.0,1,0.6
20252,pool4,IGARES DUSTIN,OCAMPO TAN ALLAN,5.0,4.0,1.0,1,0.6
20252,pool4,GODBOUT JOSEPH ANTHONY,LAURON SEAN PATRICK,4.0,5.0,-1.0,0,0.4
20252,pool4,BERNAL KIETH MEANFRED,PANES KEN,2.0,5.0,-3.0,0,0.2
20252,pool5,CAPINA DUNHILL,DELA CRUZ DOMINIQUE PAUL,5.0,0.0,5.0,1,1.0
20252,pool5,ARIAS CALEB LEON,GALLANO RUZEL,3.0,5.0,-2.0,0,0.3
20252,pool5,DE SILOS JOAQUIN PABLO,GUINTO YLLAC JAVIER,1.0,5.0,-4.0,0,0.09999999999999998
20252,pool5,GALLANO RUZEL,CAPINA DUNHILL,1.0,5.0,-4.0,0,0.09999999999999998
20252,pool5,DELA CRUZ DOMINIQUE PAUL,DE SILOS JOAQUIN PABLO,5.0,2.0,3.0,1,0.8
20252,pool5,GUINTO YLLAC JAVIER,ARIAS CALEB LEON,5.0,3.0,2.0,1,0.7
20252,pool5,CAPINA DUNHILL,DE SILOS JOAQUIN PABLO,5.0,2.0,3.0,1,0.8
20252,pool5,GALLANO RUZEL,GUINTO YLLAC JAVIER,3.0,5.0,-2.0,0,0.3
20252,pool5,ARIAS CALEB LEON,DELA CRUZ DOMINIQUE PAUL,0.0,5.0,-5.0,0,0.0
20252,pool5,GUINTO YLLAC JAVIER,CAPINA DUNHILL,3.0,4.0,-1.0,0,0.375
20252,pool5,DE SILOS JOAQUIN PABLO,ARIAS CALEB LEON,4.0,5.0,-1.0,0,0.4
20252,pool5,DELA CRUZ DOMINIQUE PAUL,GALLANO RUZEL,5.0,4.0,1.0,1,0.6
20252,pool5,CAPINA DUNHILL,ARIAS CALEB LEON,5.0,2.0,3.0,1,0.8
20252,pool5,GUINTO YLLAC JAVIER,DELA CRUZ DOMINIQUE PAUL,4.0,3.0,1.0,1,0.625
20252,pool5,GALLANO RUZEL,DE SILOS JOAQUIN PABLO,5.0,1.0,4.0,1,0.9
20252,pool6,ICASIANO AURELIO,SINAY RUDDI OSBERT,5.0,3.0,2.0,1,0.7
20252,pool6,BAUTISTA JIAN MIGUEL,GRAHAM CHRISTOPHER FRANCIS,5.0,2.0,3.0,1,0.8
20252,pool6,PUTIAN ADAM,JACINTO LUCAS,5.0,3.0,2.0,1,0.7
20252,pool6,GRAHAM CHRISTOPHER FRANCIS,ICASIANO AURELIO,5.0,4.0,1.0,1,0.6
20252,pool6,PUTIAN ADAM,SINAY RUDDI OSBERT,5.0,0.0,5.0,1,1.0
20252,pool6,JACINTO LUCAS,BAUTISTA JIAN MIGUEL,1.0,5.0,-4.0,0,0.09999999999999998
20252,pool6,ICASIANO AURELIO,PUTIAN ADAM,3.0,5.0,-2.0,0,0.3
20252,pool6,GRAHAM CHRISTOPHER FRANCIS,JACINTO LUCAS,5.0,4.0,1.0,1,0.6
20252,pool6,BAUTISTA JIAN MIGUEL,SINAY RUDDI OSBERT,5.0,1.0,4.0,1,0.9
20252,pool6,JACINTO LUCAS,ICASIANO AURELIO,5.0,1.0,4.0,1,0.9
20252,pool6,PUTIAN ADAM,BAUTISTA JIAN MIGUEL,2.0,5.0,-3.0,0,0.2
20252,pool6,GRAHAM CHRISTOPHER FRANCIS,SINAY RUDDI OSBERT,3.0,5.0,-2.0,0,0.3
20252,pool6,ICASIANO AURELIO,BAUTISTA JIAN MIGUEL,1.0,5.0,-4.0,0,0.09999999999999998
20252,pool6,JACINTO LUCAS,SINAY RUDDI OSBERT,3.0,5.0,-2.0,0,0.3
20252,pool6,GRAHAM CHRISTOPHER FRANCIS,PUTIAN ADAM,1.0,5.0,-4.0,0,0.09999999999999998
20252,pool7,CABRERA JOSE FABER,TEE JACOB,3.0,5.0,-2.0,0,0.3
20252,pool7,CONTADO ALJOR,MAMURIC JOSE SR,5.0,1.0,4.0,1,0.9
20252,pool7,BUENTIPO JR. MEYNARDO EDWARD CARLO,MALINAO JOHN AGASTI,5.0,0.0,5.0,1,1.0
20252,pool7,MAMURIC JOSE SR,CABRERA JOSE FABER,3.0,5.0,-2.0,0,0.3
20252,pool7,TEE JACOB,BUENTIPO JR. MEYNARDO EDWARD CARLO,1.0,5.0,-4.0,0,0.09999999999999998
20252,pool7,MALINAO JOHN AGASTI,CONTADO ALJOR,5.0,4.0,1.0,1,0.6
20252,pool7,CABRERA JOSE FABER,BUENTIPO JR. MEYNARDO EDWARD CARLO,4.0,5.0,-1.0,0,0.4
20252,pool7,MAMURIC JOSE SR,MALINAO JOHN AGASTI,2.0,5.0,-3.0,0,0.2
20252,pool7,CONTADO ALJOR,TEE JACOB,4.0,5.0,-1.0,0,0.4
20252,pool7,MALINAO JOHN AGASTI,CABRERA JOSE FABER,5.0,3.0,2.0,1,0.7
20252,pool7,BUENTIPO JR. MEYNARDO EDWARD CARLO,CONTADO ALJOR,4.0,5.0,-1.0,0,0.4
20252,pool7,TEE JACOB,MAMURIC JOSE SR,5.0,4.0,1.0,1,0.6
20252,pool7,CABRERA JOSE FABER,CONTADO ALJOR,2.0,5.0,-3.0,0,0.2
20252,pool7,MALINAO JOHN AGASTI,TEE JACOB,5.0,3.0,2.0,1,0.7
20252,pool7,MAMURIC JOSE SR,BUENTIPO JR. MEYNARDO EDWARD CARLO,2.0,5.0,-3.0,0,0.2
20252,pool8,RAMOS JOHN DEXTER,GERONIMO DON REYZEL,5.0,1.0,4.0,1,0.9
20252,pool8,DELA PAZ FRANCIS ANGELO,CORSIGA RAFAEL,5.0,2.0,3.0,1,0.8
20252,pool8,MENDOZA JAIRUS,DIMAILIG CARLOS,5.0,3.0,2.0,1,0.7
20252,pool8,CORSIGA RAFAEL,RAMOS JOHN DEXTER,3.0,5.0,-2.0,0,0.3
20252,pool8,GERONIMO DON REYZEL,MENDOZA JAIRUS,5.0,2.0,3.0,1,0.8
20252,pool8,DIMAILIG CARLOS,DELA PAZ FRANCIS ANGELO,4.0,5.0,-1.0,0,0.4
20252,pool8,RAMOS JOHN DEXTER,MENDOZA JAIRUS,5.0,2.0,3.0,1,0.8
20252,pool8,CORSIGA RAFAEL,DIMAILIG CARLOS,5.0,3.0,2.0,1,0.7
20252,pool8,DELA PAZ FRANCIS ANGELO,GERONIMO DON REYZEL,2.0,5.0,-3.0,0,0.2
20252,pool8,DIMAILIG CARLOS,RAMOS JOHN DEXTER,5.0,4.0,1.0,1,0.6
20252,pool8,MENDOZA JAIRUS,DELA PAZ FRANCIS ANGELO,2.0,5.0,-3.0,0,0.2
20252,pool8,GERONIMO DON REYZEL,CORSIGA RAFAEL,5.0,2.0,3.0,1,0.8
20252,pool8,RAMOS JOHN DEXTER,DELA PAZ FRANCIS ANGELO,5.0,3.0,2.0,1,0.7
20252,pool8,DIMAILIG CARLOS,GERONIMO DON REYZEL,5.0,4.0,1.0,1,0.6
20252,pool8,CORSIGA RAFAEL,MENDOZA JAIRUS,5.0,4.0,1.0,1,0.6
20252,pool9,DEL CASTILLO OSCAR GABRIEL,BUNAGAN GABRIEL,5.0,1.0,4.0,1,0.9
20252,pool9,CHAN JOAQUIN BENITO,SESE JUANCHO MIGUEL,5.0,4.0,1.0,1,0.6
20252,pool9,GALE VON EUBERT,DEL CASTILLO OSCAR GABRIEL,5.0,2.0,3.0,1,0.8
20252,pool9,BUNAGAN GABRIEL,CHAN JOAQUIN BENITO,5.0,4.0,1.0,1,0.6
20252,pool9,GALE VON EUBERT,SESE JUANCHO MIGUEL,4.0,5.0,-1.0,0,0.4
20252,pool9,DEL CASTILLO OSCAR GABRIEL,CHAN JOAQUIN BENITO,2.0,5.0,-3.0,0,0.2
20252,pool9,BUNAGAN GABRIEL,GALE VON EUBERT,4.0,5.0,-1.0,0,0.4
20252,pool9,SESE JUANCHO MIGUEL,DEL CASTILLO OSCAR GABRIEL,1.0,5.0,-4.0,0,0.09999999999999998
20252,pool9,CHAN JOAQUIN BENITO,GALE VON EUBERT,4.0,5.0,-1.0,0,0.4
20252,pool9,SESE JUANCHO MIGUEL,BUNAGAN GABRIEL,5.0,4.0,1.0,1,0.6
20252,pool10,DATOR ALLAN,PEREZ REYNALDO JR,1.0,5.0,-4.0,0,0.09999999999999998
20252,pool10,PASCAL NICOLAS,DEVEZA LUIS INIGO,5.0,4.0,1.0,1,0.6
20252,pool10,DATOR ALLAN,MAYO MATT JACOB,2.0,4.0,-2.0,0,0.25
20252,pool10,PEREZ REYNALDO JR,PASCAL NICOLAS,5.0,1.0,4.0,1,0.9
20252,pool10,DEVEZA LUIS INIGO,MAYO MATT JACOB,2.0,5.0,-3.0,0,0.2
20252,pool10,DATOR ALLAN,PASCAL NICOLAS,5.0,4.0,1.0,1,0.6
20252,pool10,PEREZ REYNALDO JR,MAYO MATT JACOB,5.0,2.0,3.0,1,0.8
20252,pool10,DEVEZA LUIS INIGO,DATOR ALLAN,3.0,5.0,-2.0,0,0.3
20252,pool10,PASCAL NICOLAS,MAYO MATT JACOB,3.0,5.0,-2.0,0,0.3
20252,pool10,DEVEZA LUIS INIGO,PEREZ REYNALDO JR,2.0,5.0,-3.0,0,0.2
20252,pool11,GATMAYTAN SAMUEL,MALVAR LORENZO MIGUEL,3.0,5.0,-2.0,0,0.3
20252,pool11,PANGILINAN ABI FRANCE,SARMIENTO CHRISTIAN,5.0,4.0,1.0,1,0.6
20252,pool11,HO CALIX ANDREAS,GATMAYTAN SAMUEL,5.0,3.0,2.0,1,0.7
20252,pool11,MALVAR LORENZO MIGUEL,PANGILINAN ABI FRANCE,5.0,2.0,3.0,1,0.8
20252,pool11,HO CALIX ANDREAS,SARMIENTO CHRISTIAN,5.0,3.0,2.0,1,0.7
20252,pool11,GATMAYTAN SAMUEL,PANGILINAN ABI FRANCE,1.0,5.0,-4.0,0,0.09999999999999998
20252,pool11,MALVAR LORENZO MIGUEL,HO CALIX ANDREAS,5.0,3.0,2.0,1,0.7
20252,pool11,GATMAYTAN SAMUEL,SARMIENTO CHRISTIAN,1.0,5.0,-4.0,0,0.09999999999999998
20252,pool11,PANGILINAN ABI FRANCE,HO CALIX ANDREAS,1.0,5.0,-4.0,0,0.09999999999999998
20252,pool11,MALVAR LORENZO MIGUEL,SARMIENTO CHRISTIAN,4.0,5.0,-1.0,0,0.4
20252,pool12,BAROQUILLO FERDINAND,SALALIMA RALPH NIELSEN,2.0,5.0,-3.0,0,0.2
20252,pool12,ONG MARIXON,ROMAN JESSLY REYAN,2.0,5.0,-3.0,0,0.2
20252,pool12,OBZUNAR AURELL FLORENCE,BAROQUILLO FERDINAND,5.0,1.0,4.0,1,0.9
20252,pool12,SALALIMA RALPH NIELSEN,ONG MARIXON,4.0,5.0,-1.0,0,0.4
20252,pool12,OBZUNAR AURELL FLORENCE,ROMAN JESSLY REYAN,2.0,5.0,-3.0,0,0.2
20252,pool12,BAROQUILLO FERDINAND,ONG MARIXON,1.0,5.0,-4.0,0,0.09999999999999998
20252,pool12,SALALIMA RALPH NIELSEN,OBZUNAR AURELL FLORENCE,1.0,5.0,-4.0,0,0.09999999999999998
20252,pool12,ROMAN JESSLY REYAN,BAROQUILLO FERDINAND,5.0,1.0,4.0,1,0.9
20252,pool12,ONG MARIXON,OBZUNAR AURELL FLORENCE,2.0,5.0,-3.0,0,0.2
20252,pool12,ROMAN JESSLY REYAN,SALALIMA RALPH NIELSEN,5.0,3.0,2.0,1,0.7
20253,pool1,GERONIMO DON REYZEL,JOSE NOELITO JR.,2.0,5.0,-3.0,0,0.2
20253,pool1,ICASIANO AURELIO,BAUTISTA GABRIEL ANTONIO,5.0,3.0,2.0,1,0.7
20253,pool1,ESTEPA RODLEY FOURTH,PERALTA SIDNEY DEMITRI,3.0,5.0,-2.0,0,0.3
20253,pool1,BAUTISTA GABRIEL ANTONIO,GERONIMO DON REYZEL,1.0,5.0,-4.0,0,0.09999999999999998
20253,pool1,JOSE NOELITO JR.,ESTEPA RODLEY FOURTH,5.0,4.0,1.0,1,0.6
20253,pool1,PERALTA SIDNEY DEMITRI,ICASIANO AURELIO,5.0,2.0,3.0,1,0.8
20253,pool1,GERONIMO DON REYZEL,ESTEPA RODLEY FOURTH,5.0,4.0,1.0,1,0.6
20253,pool1,BAUTISTA GABRIEL ANTONIO,PERALTA SIDNEY DEMITRI,2.0,5.0,-3.0,0,0.2
20253,pool1,ICASIANO AURELIO,JOSE NOELITO JR.,2.0,5.0,-3.0,0,0.2
20253,pool1,PERALTA SIDNEY DEMITRI,GERONIMO DON REYZEL,0.0,5.0,-5.0,0,0.0
20253,pool1,ESTEPA RODLEY FOURTH,ICASIANO AURELIO,5.0,3.0,2.0,1,0.7
20253,pool1,JOSE NOELITO JR.,BAUTISTA GABRIEL ANTONIO,5.0,0.0,5.0,1,1.0
20253,pool1,GERONIMO DON REYZEL,ICASIANO AURELIO,5.0,1.0,4.0,1,0.9
20253,pool1,PERALTA SIDNEY DEMITRI,JOSE NOELITO JR.,3.0,5.0,-2.0,0,0.3
20253,pool1,BAUTISTA GABRIEL ANTONIO,ESTEPA RODLEY FOURTH,1.0,5.0,-4.0,0,0.09999999999999998
20253,pool2,ENCOMIENDA ERWIN ROMMEL,RAMOS THADDEUS,1.0,5.0,-4.0,0,0.09999999999999998
20253,pool2,ERGINA LEE EIGRAN,MENDOZA JAIRUS,5.0,3.0,2.0,1,0.7
20253,pool2,DELA CRUZ DOMINIQUE PAUL,CONTADO ALJOR,5.0,3.0,2.0,1,0.7
20253,pool2,MENDOZA JAIRUS,ENCOMIENDA ERWIN ROMMEL,5.0,3.0,2.0,1,0.7
20253,pool2,RAMOS THADDEUS,DELA CRUZ DOMINIQUE PAUL,3.0,5.0,-2.0,0,0.3
20253,pool2,CONTADO ALJOR,ERGINA LEE EIGRAN,3.0,5.0,-2.0,0,0.3
20253,pool2,ENCOMIENDA ERWIN ROMMEL,DELA CRUZ DOMINIQUE PAUL,1.0,5.0,-4.0,0,0.09999999999999998
20253,pool2,MENDOZA JAIRUS,CONTADO ALJOR,5.0,2.0,3.0,1,0.8
20253,pool2,ERGINA LEE EIGRAN,RAMOS THADDEUS,5.0,4.0,1.0,1,0.6
20253,pool2,CONTADO ALJOR,ENCOMIENDA ERWIN ROMMEL,5.0,2.0,3.0,1,0.8
20253,pool2,DELA CRUZ DOMINIQUE PAUL,ERGINA LEE EIGRAN,2.0,5.0,-3.0,0,0.2
20253,pool2,RAMOS THADDEUS,MENDOZA JAIRUS,5.0,3.0,2.0,1,0.7
20253,pool2,ENCOMIENDA ERWIN ROMMEL,ERGINA LEE EIGRAN,0.0,5.0,-5.0,0,0.0
20253,pool2,CONTADO ALJOR,RAMOS THADDEUS,5.0,3.0,2.0,1,0.7
20253,pool2,MENDOZA JAIRUS,DELA CRUZ DOMINIQUE PAUL,3.0,4.0,-1.0,0,0.375
20253,pool3,ARIAS ANTHONY BERNARD,BAUTISTA JOSE LORENZO,4.0,5.0,-1.0,0,0.4
20253,pool3,GALE VON EUBERT,GONZALES TIMOTHY DALE,3.0,5.0,-2.0,0,0.3
20253,pool3,ANG SEAN TIMOTHY,SARMIENTO CHRISTIAN,3.0,5.0,-2.0,0,0.3
20253,pool3,ARIAS ANTHONY BERNARD,GONZALES TIMOTHY DALE,3.0,5.0,-2.0,0,0.3
20253,pool3,BAUTISTA JOSE LORENZO,ANG SEAN TIMOTHY,5.0,0.0,5.0,1,1.0
20253,pool3,GALE VON EUBERT,SARMIENTO CHRISTIAN,5.0,2.0,3.0,1,0.8
20253,pool3,ARIAS ANTHONY BERNARD,ANG SEAN TIMOTHY,5.0,3.0,2.0,1,0.7
20253,pool3,GONZALES TIMOTHY DALE,SARMIENTO CHRISTIAN,5.0,1.0,4.0,1,0.9
20253,pool3,GALE VON EUBERT,BAUTISTA JOSE LORENZO,5.0,3.0,2.0,1,0.7
20253,pool3,ARIAS ANTHONY BERNARD,SARMIENTO CHRISTIAN,5.0,2.0,3.0,1,0.8
20253,pool3,ANG SEAN TIMOTHY,GALE VON EUBERT,2.0,5.0,-3.0,0,0.2
20253,pool3,BAUTISTA JOSE LORENZO,GONZALES TIMOTHY DALE,2.0,5.0,-3.0,0,0.2
20253,pool3,ARIAS ANTHONY BERNARD,GALE VON EUBERT,1.0,5.0,-4.0,0,0.09999999999999998
20253,pool3,BAUTISTA JOSE LORENZO,SARMIENTO CHRISTIAN,3.0,5.0,-2.0,0,0.3
20253,pool3,ANG SEAN TIMOTHY,GONZALES TIMOTHY DALE,5.0,4.0,1.0,1,0.6
20253,pool4,DEL CASTILLO OSCAR GABRIEL,BUGARING DENZEL KENT,5.0,1.0,4.0,1,0.9
20253,pool4,LAURON SEAN PATRICK,SALALIMA RALPH NIELSEN,5.0,3.0,2.0,1,0.7
20253,pool4,OBZUNAR AURELL FLORENCE,MARZAN PRINZ ROHAN,5.0,1.0,4.0,1,0.9
20253,pool4,SALALIMA RALPH NIELSEN,DEL CASTILLO OSCAR GABRIEL,3.0,5.0,-2.0,0,0.3
20253,pool4,BUGARING DENZEL KENT,OBZUNAR AURELL FLORENCE,1.0,5.0,-4.0,0,0.09999999999999998
20253,pool4,MARZAN PRINZ ROHAN,LAURON SEAN PATRICK,2.0,5.0,-3.0,0,0.2
20253,pool4,DEL CASTILLO OSCAR GABRIEL,OBZUNAR AURELL FLORENCE,5.0,3.0,2.0,1,0.7
20253,pool4,SALALIMA RALPH NIELSEN,MARZAN PRINZ ROHAN,5.0,4.0,1.0,1,0.6
20253,pool4,LAURON SEAN PATRICK,BUGARING DENZEL KENT,2.0,5.0,-3.0,0,0.2
20253,pool4,MARZAN PRINZ ROHAN,DEL CASTILLO OSCAR GABRIEL,4.0,5.0,-1.0,0,0.4
20253,pool4,OBZUNAR AURELL FLORENCE,LAURON SEAN PATRICK,2.0,5.0,-3.0,0,0.2
20253,pool4,BUGARING DENZEL KENT,SALALIMA RALPH NIELSEN,2.0,5.0,-3.0,0,0.2
20253,pool4,DEL CASTILLO OSCAR GABRIEL,LAURON SEAN PATRICK,3.0,4.0,-1.0,0,0.375
20253,pool4,MARZAN PRINZ ROHAN,BUGARING DENZEL KENT,4.0,5.0,-1.0,0,0.4
20253,pool4,SALALIMA RALPH NIELSEN,OBZUNAR AURELL FLORENCE,3.0,5.0,-2.0,0,0.3
20253,pool5,IGARES DUSTIN,ENSAMTAN EDAN YAKOV,5.0,4.0,1.0,1,0.6
20253,pool5,ARIAS CALEB LEON,BAUTISTA JIAN MIGUEL,3.0,5.0,-2.0,0,0.3
20253,pool5,SESE JUANCHO MIGUEL,PEDIAPCO FRANCO ANTONINO,3.0,5.0,-2.0,0,0.3
20253,pool5,BAUTISTA JIAN MIGUEL,IGARES DUSTIN,3.0,5.0,-2.0,0,0.3
20253,pool5,ENSAMTAN EDAN YAKOV,PEDIAPCO FRANCO ANTONINO,5.0,4.0,1.0,1,0.6
20253,pool5,SESE JUANCHO MIGUEL,ARIAS CALEB LEON,5.0,2.0,3.0,1,0.8
20253,pool5,IGARES DUSTIN,PEDIAPCO FRANCO ANTONINO,4.0,5.0,-1.0,0,0.4
20253,pool5,BAUTISTA JIAN MIGUEL,SESE JUANCHO MIGUEL,5.0,2.0,3.0,1,0.8
20253,pool5,ARIAS CALEB LEON,ENSAMTAN EDAN YAKOV,3.0,5.0,-2.0,0,0.3
20253,pool5,SESE JUANCHO MIGUEL,IGARES DUSTIN,0.0,5.0,-5.0,0,0.0
20253,pool5,ARIAS CALEB LEON,PEDIAPCO FRANCO ANTONINO,5.0,4.0,1.0,1,0.6
20253,pool5,ENSAMTAN EDAN YAKOV,BAUTISTA JIAN MIGUEL,2.0,5.0,-3.0,0,0.2
20253,pool5,IGARES DUSTIN,ARIAS CALEB LEON,5.0,4.0,1.0,1,0.6
20253,pool5,SESE JUANCHO MIGUEL,ENSAMTAN EDAN YAKOV,1.0,5.0,-4.0,0,0.09999999999999998
20253,pool5,BAUTISTA JIAN MIGUEL,PEDIAPCO FRANCO ANTONINO,0.0,5.0,-5.0,0,0.0
20253,pool6,SINAY RUDDI OSBERT,DATOR ALLAN,5.0,4.0,1.0,1,0.6
20253,pool6,GATMAYTAN SAMUEL,CAPINA DUNHILL,3.0,5.0,-2.0,0,0.3
20253,pool6,ROMAN JESSLY REYAN,FRANCISCO MARK ANGELO,5.0,1.0,4.0,1,0.9
20253,pool6,CAPINA DUNHILL,SINAY RUDDI OSBERT,2.0,5.0,-3.0,0,0.2
20253,pool6,DATOR ALLAN,ROMAN JESSLY REYAN,1.0,5.0,-4.0,0,0.09999999999999998
20253,pool6,FRANCISCO MARK ANGELO,GATMAYTAN SAMUEL,4.0,5.0,-1.0,0,0.4
20253,pool6,SINAY RUDDI OSBERT,ROMAN JESSLY REYAN,2.0,5.0,-3.0,0,0.2
20253,pool6,CAPINA DUNHILL,FRANCISCO MARK ANGELO,4.0,3.0,1.0,1,0.625
20253,pool6,GATMAYTAN SAMUEL,DATOR ALLAN,4.0,5.0,-1.0,0,0.4
20253,pool6,FRANCISCO MARK ANGELO,SINAY RUDDI OSBERT,2.0,5.0,-3.0,0,0.2
20253,pool6,ROMAN JESSLY REYAN,GATMAYTAN SAMUEL,3.0,5.0,-2.0,0,0.3
20253,pool6,DATOR ALLAN,CAPINA DUNHILL,3.0,5.0,-2.0,0,0.3
20253,pool6,SINAY RUDDI OSBERT,GATMAYTAN SAMUEL,5.0,4.0,1.0,1,0.6
20253,pool6,FRANCISCO MARK ANGELO,DATOR ALLAN,3.0,5.0,-2.0,0,0.3
20253,pool6,CAPINA DUNHILL,ROMAN JESSLY REYAN,3.0,5.0,-2.0,0,0.3
20253,pool7,FUENTES ENRICO GABRIEL,GRAHAM CHRISTOPHER FRANCIS,5.0,0.0,5.0,1,1.0
20253,pool7,BUNAGAN GABRIEL,DE SILOS JOAQUIN PABLO,3.0,5.0,-2.0,0,0.3
20253,pool7,ENCELAN RAMIL JR.,BAMBRICK CURTIS,5.0,1.0,4.0,1,0.9
20253,pool7,DE SILOS JOAQUIN PABLO,FUENTES ENRICO GABRIEL,1.0,5.0,-4.0,0,0.09999999999999998
20253,pool7,GRAHAM CHRISTOPHER FRANCIS,ENCELAN RAMIL JR.,4.0,5.0,-1.0,0,0.4
20253,pool7,BAMBRICK CURTIS,BUNAGAN GABRIEL,0.0,5.0,-5.0,0,0.0
20253,pool7,FUENTES ENRICO GABRIEL,ENCELAN RAMIL JR.,4.0,5.0,-1.0,0,0.4
20253,pool7,DE SILOS JOAQUIN PABLO,BAMBRICK CURTIS,5.0,0.0,5.0,1,1.0
20253,pool7,BUNAGAN GABRIEL,GRAHAM CHRISTOPHER FRANCIS,5.0,2.0,3.0,1,0.8
20253,pool7,BAMBRICK CURTIS,FUENTES ENRICO GABRIEL,1.0,5.0,-4.0,0,0.09999999999999998
20253,pool7,ENCELAN RAMIL JR.,BUNAGAN GABRIEL,5.0,2.0,3.0,1,0.8
20253,pool7,GRAHAM CHRISTOPHER FRANCIS,DE SILOS JOAQUIN PABLO,5.0,2.0,3.0,1,0.8
20253,pool7,FUENTES ENRICO GABRIEL,BUNAGAN GABRIEL,5.0,2.0,3.0,1,0.8
20253,pool7,BAMBRICK CURTIS,GRAHAM CHRISTOPHER FRANCIS,2.0,5.0,-3.0,0,0.2
20253,pool7,DE SILOS JOAQUIN PABLO,ENCELAN RAMIL JR.,1.0,5.0,-4.0,0,0.09999999999999998
20253,pool8,HO CALIX ANDREAS,OCAMPO TAN ALLAN,5.0,3.0,2.0,1,0.7
20253,pool8,LARGO ZEBASTIAN ISAIAH,GUTIERREZ RONAN PAOLO,5.0,1.0,4.0,1,0.9
20253,pool8,GALLANO RUZEL,MAYO MATT JACOB,5.0,0.0,5.0,1,1.0
20253,pool8,GUTIERREZ RONAN PAOLO,HO CALIX ANDREAS,3.0,5.0,-2.0,0,0.3
20253,pool8,OCAMPO TAN ALLAN,GALLANO RUZEL,3.0,5.0,-2.0,0,0.3
20253,pool8,LARGO ZEBASTIAN ISAIAH,MAYO MATT JACOB,3.0,5.0,-2.0,0,0.3
20253,pool8,HO CALIX ANDREAS,GALLANO RUZEL,5.0,2.0,3.0,1,0.8
20253,pool8,GUTIERREZ RONAN PAOLO,MAYO MATT JACOB,0.0,5.0,-5.0,0,0.0
20253,pool8,LARGO ZEBASTIAN ISAIAH,OCAMPO TAN ALLAN,5.0,4.0,1.0,1,0.6
20253,pool8,HO CALIX ANDREAS,MAYO MATT JACOB,4.0,5.0,-1.0,0,0.4
20253,pool8,GALLANO RUZEL,LARGO ZEBASTIAN ISAIAH,5.0,4.0,1.0,1,0.6
20253,pool8,OCAMPO TAN ALLAN,GUTIERREZ RONAN PAOLO,5.0,0.0,5.0,1,1.0
20253,pool8,HO CALIX ANDREAS,LARGO ZEBASTIAN ISAIAH,5.0,4.0,1.0,1,0.6
20253,pool8,OCAMPO TAN ALLAN,MAYO MATT JACOB,0.0,5.0,-5.0,0,0.0
20253,pool8,GUTIERREZ RONAN PAOLO,GALLANO RUZEL,0.0,5.0,-5.0,0,0.0
20253,pool9,MALVAR LORENZO MIGUEL,PUTIAN ADAM,4.0,5.0,-1.0,0,0.4
20253,pool9,PEREZ REYNALDO JR,SUMICION MARCO ANTONIO,5.0,2.0,3.0,1,0.8
20253,pool9,MASANAGA RYUICHIRO,PANES KEN,5.0,1.0,4.0,1,0.9
20253,pool9,SUMICION MARCO ANTONIO,MALVAR LORENZO MIGUEL,4.0,5.0,-1.0,0,0.4
20253,pool9,PUTIAN ADAM,PANES KEN,2.0,5.0,-3.0,0,0.2
20253,pool9,MASANAGA RYUICHIRO,PEREZ REYNALDO JR,0.0,5.0,-5.0,0,0.0
20253,pool9,MALVAR LORENZO MIGUEL,PANES KEN,5.0,2.0,3.0,1,0.8
20253,pool9,SUMICION MARCO ANTONIO,MASANAGA RYUICHIRO,4.0,5.0,-1.0,0,0.4
20253,pool9,PEREZ REYNALDO JR,PUTIAN ADAM,5.0,2.0,3.0,1,0.8
20253,pool9,MASANAGA RYUICHIRO,MALVAR LORENZO MIGUEL,5.0,2.0,3.0,1,0.8
20253,pool9,PEREZ REYNALDO JR,PANES KEN,5.0,2.0,3.0,1,0.8
20253,pool9,PUTIAN ADAM,SUMICION MARCO ANTONIO,3.0,2.0,1.0,1,0.6666666666666666
20253,pool9,MALVAR LORENZO MIGUEL,PEREZ REYNALDO JR,2.0,5.0,-3.0,0,0.2
20253,pool9,MASANAGA RYUICHIRO,PUTIAN ADAM,4.0,5.0,-1.0,0,0.4
20253,pool9,SUMICION MARCO ANTONIO,PANES KEN,1.0,5.0,-4.0,0,0.09999999999999998
20253,pool10,ESTEPA RODGE TRIONE,MALINAO JOHN AGASTI,3.0,5.0,-2.0,0,0.3
20253,pool10,PANGILINAN ABI FRANCE,BUENTIPO JR. MEYNARDO EDWARD CARLO,2.0,5.0,-3.0,0,0.2
20253,pool10,RODRIGUEZ VINCE BENJAMIN,ESTEPA RODGE TRIONE,2.0,5.0,-3.0,0,0.2
20253,pool10,MALINAO JOHN AGASTI,PANGILINAN ABI FRANCE,2.0,0.0,2.0,1,1.0
20253,pool10,RODRIGUEZ VINCE BENJAMIN,BUENTIPO JR. MEYNARDO EDWARD CARLO,2.0,5.0,-3.0,0,0.2
20253,pool10,ESTEPA RODGE TRIONE,PANGILINAN ABI FRANCE,2.0,5.0,-3.0,0,0.2
20253,pool10,MALINAO JOHN AGASTI,RODRIGUEZ VINCE BENJAMIN,5.0,0.0,5.0,1,1.0
20253,pool10,BUENTIPO JR. MEYNARDO EDWARD CARLO,ESTEPA RODGE TRIONE,5.0,4.0,1.0,1,0.6
20253,pool10,PANGILINAN ABI FRANCE,RODRIGUEZ VINCE BENJAMIN,2.0,4.0,-2.0,0,0.25
20253,pool10,BUENTIPO JR. MEYNARDO EDWARD CARLO,MALINAO JOHN AGASTI,5.0,3.0,2.0,1,0.7
20253,pool11,RAMOS JOHN DEXTER,TEE JACOB,5.0,2.0,3.0,1,0.8
20253,pool11,ONG MARIXON,MUNOZ DEEN RAFAEL,1.0,5.0,-4.0,0,0.09999999999999998
20253,pool11,GUINTO YLLAC JAVIER,RAMOS JOHN DEXTER,5.0,2.0,3.0,1,0.8
20253,pool11,TEE JACOB,ONG MARIXON,4.0,5.0,-1.0,0,0.4
20253,pool11,GUINTO YLLAC JAVIER,MUNOZ DEEN RAFAEL,2.0,1.0,1.0,1,0.75
20253,pool11,RAMOS JOHN DEXTER,ONG MARIXON,5.0,1.0,4.0,1,0.9
20253,pool11,TEE JACOB,GUINTO YLLAC JAVIER,0.0,5.0,-5.0,0,0.0
20253,pool11,MUNOZ DEEN RAFAEL,RAMOS JOHN DEXTER,5.0,4.0,1.0,1,0.6
20253,pool11,ONG MARIXON,GUINTO YLLAC JAVIER,3.0,5.0,-2.0,0,0.3
20253,pool11,MUNOZ DEEN RAFAEL,TEE JACOB,5.0,2.0,3.0,1,0.8
20254,pool1,PANGILINAN ABI FRANCE,ONG MARIXON,5.0,4.0,1.0,1,0.6
20254,pool1,MALINAO JOHN AGASTI,ENCOMIENDA ERWIN ROMMEL,5.0,3.0,2.0,1,0.7
20254,pool1,JOSE NOELITO JR.,MAYO MATT JACOB,5.0,1.0,4.0,1,0.9
20254,pool1,ENCOMIENDA ERWIN ROMMEL,PANGILINAN ABI FRANCE,2.0,5.0,-3.0,0,0.2
20254,pool1,ONG MARIXON,MAYO MATT JACOB,2.0,5.0,-3.0,0,0.2
20254,pool1,JOSE NOELITO JR.,MALINAO JOHN AGASTI,5.0,1.0,4.0,1,0.9
20254,pool1,PANGILINAN ABI FRANCE,MAYO MATT JACOB,5.0,1.0,4.0,1,0.9
20254,pool1,ENCOMIENDA ERWIN ROMMEL,JOSE NOELITO JR.,0.0,5.0,-5.0,0,0.0
20254,pool1,MALINAO JOHN AGASTI,ONG MARIXON,5.0,2.0,3.0,1,0.8
20254,pool1,JOSE NOELITO JR.,PANGILINAN ABI FRANCE,5.0,0.0,5.0,1,1.0
20254,pool1,MALINAO JOHN AGASTI,MAYO MATT JACOB,4.0,5.0,-1.0,0,0.4
20254,pool1,ONG MARIXON,ENCOMIENDA ERWIN ROMMEL,5.0,1.0,4.0,1,0.9
20254,pool1,PANGILINAN ABI FRANCE,MALINAO JOHN AGASTI,1.0,5.0,-4.0,0,0.09999999999999998
20254,pool1,JOSE NOELITO JR.,ONG MARIXON,5.0,1.0,4.0,1,0.9
20254,pool1,ENCOMIENDA ERWIN ROMMEL,MAYO MATT JACOB,2.0,5.0,-3.0,0,0.2
20254,pool2,ERGINA LEE EIGRAN,IGARES DUSTIN,5.0,1.0,4.0,1,0.9
20254,pool2,RODRIGUEZ VINCE BENJAMIN,DE SILOS JOAQUIN PABLO,5.0,1.0,4.0,1,0.9
20254,pool2,MASANAGA RYUICHIRO,DE LUSONG JR MARK ANTHONY,5.0,3.0,2.0,1,0.7
20254,pool2,DE SILOS JOAQUIN PABLO,ERGINA LEE EIGRAN,0.0,5.0,-5.0,0,0.0
20254,pool2,IGARES DUSTIN,MASANAGA RYUICHIRO,4.0,5.0,-1.0,0,0.4
20254,pool2,DE LUSONG JR MARK ANTHONY,RODRIGUEZ VINCE BENJAMIN,3.0,5.0,-2.0,0,0.3
20254,pool2,ERGINA LEE EIGRAN,MASANAGA RYUICHIRO,4.0,5.0,-1.0,0,0.4
20254,pool2,DE SILOS JOAQUIN PABLO,DE LUSONG JR MARK ANTHONY,5.0,2.0,3.0,1,0.8
20254,pool2,RODRIGUEZ VINCE BENJAMIN,IGARES DUSTIN,5.0,4.0,1.0,1,0.6
20254,pool2,DE LUSONG JR MARK ANTHONY,ERGINA LEE EIGRAN,0.0,5.0,-5.0,0,0.0
20254,pool2,MASANAGA RYUICHIRO,RODRIGUEZ VINCE BENJAMIN,5.0,3.0,2.0,1,0.7
20254,pool2,IGARES DUSTIN,DE SILOS JOAQUIN PABLO,5.0,4.0,1.0,1,0.6
20254,pool2,ERGINA LEE EIGRAN,RODRIGUEZ VINCE BENJAMIN,5.0,4.0,1.0,1,0.6
20254,pool2,DE LUSONG JR MARK ANTHONY,IGARES DUSTIN,3.0,5.0,-2.0,0,0.3
20254,pool2,DE SILOS JOAQUIN PABLO,MASANAGA RYUICHIRO,2.0,5.0,-3.0,0,0.2
20254,pool3,GERONIMO DON REYZEL,PUTIAN ADAM,2.0,5.0,-3.0,0,0.2
20254,pool3,DATOR ALLAN,BUGARING DENZEL KENT,5.0,2.0,3.0,1,0.8
20254,pool3,BLANCH ALECSANDREI ETHAN,GONZALES TIMOTHY DALE,3.0,5.0,-2.0,0,0.3
20254,pool3,BUGARING DENZEL KENT,GERONIMO DON REYZEL,5.0,4.0,1.0,1,0.6
20254,pool3,PUTIAN ADAM,BLANCH ALECSANDREI ETHAN,5.0,4.0,1.0,1,0.6
20254,pool3,DATOR ALLAN,GONZALES TIMOTHY DALE,0.0,5.0,-5.0,0,0.0
20254,pool3,GERONIMO DON REYZEL,BLANCH ALECSANDREI ETHAN,5.0,3.0,2.0,1,0.7
20254,pool3,BUGARING DENZEL KENT,GONZALES TIMOTHY DALE,3.0,5.0,-2.0,0,0.3
20254,pool3,DATOR ALLAN,PUTIAN ADAM,3.0,5.0,-2.0,0,0.3
20254,pool3,GERONIMO DON REYZEL,GONZALES TIMOTHY DALE,2.0,5.0,-3.0,0,0.2
20254,pool3,BLANCH ALECSANDREI ETHAN,DATOR ALLAN,4.0,5.0,-1.0,0,0.4
20254,pool3,PUTIAN ADAM,BUGARING DENZEL KENT,5.0,1.0,4.0,1,0.9
20254,pool3,GERONIMO DON REYZEL,DATOR ALLAN,5.0,4.0,1.0,1,0.6
20254,pool3,PUTIAN ADAM,GONZALES TIMOTHY DALE,3.0,5.0,-2.0,0,0.3
20254,pool3,BUGARING DENZEL KENT,BLANCH ALECSANDREI ETHAN,2.0,5.0,-3.0,0,0.2
20254,pool4,DELA CRUZ ARDHY,BAUTISTA JOSE LORENZO,1.0,5.0,-4.0,0,0.09999999999999998
20254,pool4,OCAMPO TAN ALLAN,GRAHAM CHRISTOPHER FRANCIS,5.0,2.0,3.0,1,0.8
20254,pool4,BUENTIPO JR. MEYNARDO EDWARD CARLO,LAURON SEAN PATRICK,2.0,5.0,-3.0,0,0.2
20254,pool4,GRAHAM CHRISTOPHER FRANCIS,DELA CRUZ ARDHY,5.0,1.0,4.0,1,0.9
20254,pool4,BAUTISTA JOSE LORENZO,BUENTIPO JR. MEYNARDO EDWARD CARLO,5.0,4.0,1.0,1,0.6
20254,pool4,LAURON SEAN PATRICK,OCAMPO TAN ALLAN,5.0,3.0,2.0,1,0.7
20254,pool4,DELA CRUZ ARDHY,BUENTIPO JR. MEYNARDO EDWARD CARLO,2.0,5.0,-3.0,0,0.2
20254,pool4,GRAHAM CHRISTOPHER FRANCIS,LAURON SEAN PATRICK,2.0,5.0,-3.0,0,0.2
20254,pool4,OCAMPO TAN ALLAN,BAUTISTA JOSE LORENZO,2.0,5.0,-3.0,0,0.2
20254,pool4,LAURON SEAN PATRICK,DELA CRUZ ARDHY,5.0,2.0,3.0,1,0.8
20254,pool4,BUENTIPO JR. MEYNARDO EDWARD CARLO,OCAMPO TAN ALLAN,5.0,4.0,1.0,1,0.6
20254,pool4,BAUTISTA JOSE LORENZO,GRAHAM CHRISTOPHER FRANCIS,4.0,2.0,2.0,1,0.75
20254,pool4,DELA CRUZ ARDHY,OCAMPO TAN ALLAN,1.0,5.0,-4.0,0,0.09999999999999998
20254,pool4,LAURON SEAN PATRICK,BAUTISTA JOSE LORENZO,5.0,2.0,3.0,1,0.8
20254,pool4,GRAHAM CHRISTOPHER FRANCIS,BUENTIPO JR. MEYNARDO EDWARD CARLO,3.0,5.0,-2.0,0,0.3
20254,pool5,PEREZ REYNALDO JR,MUNOZ DEEN RAFAEL,5.0,3.0,2.0,1,0.7
20254,pool5,ARIAS ANTHONY BERNARD,ANG SEAN TIMOTHY,5.0,2.0,3.0,1,0.8
20254,pool5,MAMURIC II JOSE ROBERTO S.,RAMOS JOHN DEXTER,2.0,5.0,-3.0,0,0.2
20254,pool5,ANG SEAN TIMOTHY,PEREZ REYNALDO JR,3.0,5.0,-2.0,0,0.3
20254,pool5,MUNOZ DEEN RAFAEL,MAMURIC II JOSE ROBERTO S.,5.0,1.0,4.0,1,0.9
20254,pool5,RAMOS JOHN DEXTER,ARIAS ANTHONY BERNARD,3.0,2.0,1.0,1,0.6666666666666666
20254,pool5,PEREZ REYNALDO JR,MAMURIC II JOSE ROBERTO S.,5.0,0.0,5.0,1,1.0
20254,pool5,ANG SEAN TIMOTHY,RAMOS JOHN DEXTER,3.0,5.0,-2.0,0,0.3
20254,pool5,ARIAS ANTHONY BERNARD,MUNOZ DEEN RAFAEL,3.0,5.0,-2.0,0,0.3
20254,pool5,RAMOS JOHN DEXTER,PEREZ REYNALDO JR,5.0,3.0,2.0,1,0.7
20254,pool5,MAMURIC II JOSE ROBERTO S.,ARIAS ANTHONY BERNARD,5.0,4.0,1.0,1,0.6
20254,pool5,MUNOZ DEEN RAFAEL,ANG SEAN TIMOTHY,5.0,3.0,2.0,1,0.7
20254,pool5,PEREZ REYNALDO JR,ARIAS ANTHONY BERNARD,5.0,4.0,1.0,1,0.6
20254,pool5,RAMOS JOHN DEXTER,MUNOZ DEEN RAFAEL,5.0,2.0,3.0,1,0.8
20254,pool5,ANG SEAN TIMOTHY,MAMURIC II JOSE ROBERTO S.,4.0,5.0,-1.0,0,0.4
20254,pool6,BUNAGAN GABRIEL,BAUTISTA JIAN MIGUEL,0.0,5.0,-5.0,0,0.0
20254,pool6,ARIAS CALEB LEON,BAROQUILLO FERDINAND,5.0,4.0,1.0,1,0.6
20254,pool6,GALE VON EUBERT,ESTEPA RODLEY FOURTH,3.0,5.0,-2.0,0,0.3
20254,pool6,BAROQUILLO FERDINAND,BUNAGAN GABRIEL,4.0,5.0,-1.0,0,0.4
20254,pool6,BAUTISTA JIAN MIGUEL,GALE VON EUBERT,5.0,4.0,1.0,1,0.6
20254,pool6,ESTEPA RODLEY FOURTH,ARIAS CALEB LEON,5.0,2.0,3.0,1,0.8
20254,pool6,BUNAGAN GABRIEL,GALE VON EUBERT,4.0,5.0,-1.0,0,0.4
20254,pool6,BAROQUILLO FERDINAND,ESTEPA RODLEY FOURTH,3.0,5.0,-2.0,0,0.3
20254,pool6,ARIAS CALEB LEON,BAUTISTA JIAN MIGUEL,3.0,5.0,-2.0,0,0.3
20254,pool6,ESTEPA RODLEY FOURTH,BUNAGAN GABRIEL,4.0,5.0,-1.0,0,0.4
20254,pool6,GALE VON EUBERT,ARIAS CALEB LEON,5.0,1.0,4.0,1,0.9
20254,pool6,BAUTISTA JIAN MIGUEL,BAROQUILLO FERDINAND,5.0,0.0,5.0,1,1.0
20254,pool6,BUNAGAN GABRIEL,ARIAS CALEB LEON,5.0,4.0,1.0,1,0.6
20254,pool6,ESTEPA RODLEY FOURTH,BAUTISTA JIAN MIGUEL,1.0,5.0,-4.0,0,0.09999999999999998
20254,pool6,BAROQUILLO FERDINAND,GALE VON EUBERT,2.0,5.0,-3.0,0,0.2
20254,pool7,HO CALIX ANDREAS,MENDOZA JAIRUS,5.0,2.0,3.0,1,0.8
20254,pool7,BARRIENTOS JOHN PAUL,ICASIANO AURELIO,1.0,5.0,-4.0,0,0.09999999999999998
20254,pool7,GALLANO RUZEL,PANES KEN,2.0,5.0,-3.0,0,0.2
20254,pool7,ICASIANO AURELIO,HO CALIX ANDREAS,1.0,5.0,-4.0,0,0.09999999999999998
20254,pool7,MENDOZA JAIRUS,PANES KEN,0.0,5.0,-5.0,0,0.0
20254,pool7,GALLANO RUZEL,BARRIENTOS JOHN PAUL,5.0,2.0,3.0,1,0.8
20254,pool7,HO CALIX ANDREAS,PANES KEN,5.0,3.0,2.0,1,0.7
20254,pool7,ICASIANO AURELIO,GALLANO RUZEL,5.0,3.0,2.0,1,0.7
20254,pool7,BARRIENTOS JOHN PAUL,MENDOZA JAIRUS,0.0,5.0,-5.0,0,0.0
20254,pool7,GALLANO RUZEL,HO CALIX ANDREAS,4.0,5.0,-1.0,0,0.4
20254,pool7,BARRIENTOS JOHN PAUL,PANES KEN,0.0,5.0,-5.0,0,0.0
20254,pool7,MENDOZA JAIRUS,ICASIANO AURELIO,3.0,5.0,-2.0,0,0.3
20254,pool7,HO CALIX ANDREAS,BARRIENTOS JOHN PAUL,5.0,1.0,4.0,1,0.9
20254,pool7,GALLANO RUZEL,MENDOZA JAIRUS,5.0,3.0,2.0,1,0.7
20254,pool7,ICASIANO AURELIO,PANES KEN,1.0,5.0,-4.0,0,0.09999999999999998
20254,pool8,DEL CASTILLO OSCAR GABRIEL,TEE JACOB,5.0,3.0,2.0,1,0.7
20254,pool8,PABALAN BRIANNE KLYDE,SARMIENTO CHRISTIAN,0.0,5.0,-5.0,0,0.0
20254,pool8,RAMOS THADDEUS,ENCELAN RAMIL JR.,3.0,5.0,-2.0,0,0.3
20254,pool8,PABALAN BRIANNE KLYDE,DEL CASTILLO OSCAR GABRIEL,3.0,5.0,-2.0,0,0.3
20254,pool8,TEE JACOB,RAMOS THADDEUS,5.0,3.0,2.0,1,0.7
20254,pool8,ENCELAN RAMIL JR.,SARMIENTO CHRISTIAN,5.0,2.0,3.0,1,0.8
20254,pool8,DEL CASTILLO OSCAR GABRIEL,RAMOS THADDEUS,5.0,3.0,2.0,1,0.7
20254,pool8,PABALAN BRIANNE KLYDE,ENCELAN RAMIL JR.,5.0,4.0,1.0,1,0.6
20254,pool8,TEE JACOB,SARMIENTO CHRISTIAN,1.0,5.0,-4.0,0,0.09999999999999998
20254,pool8,ENCELAN RAMIL JR.,DEL CASTILLO OSCAR GABRIEL,2.0,5.0,-3.0,0,0.2
20254,pool8,RAMOS THADDEUS,SARMIENTO CHRISTIAN,3.0,5.0,-2.0,0,0.3
20254,pool8,TEE JACOB,PABALAN BRIANNE KLYDE,2.0,5.0,-3.0,0,0.2
20254,pool8,DEL CASTILLO OSCAR GABRIEL,SARMIENTO CHRISTIAN,5.0,3.0,2.0,1,0.7
20254,pool8,ENCELAN RAMIL JR.,TEE JACOB,4.0,2.0,2.0,1,0.75
20254,pool8,PABALAN BRIANNE KLYDE,RAMOS THADDEUS,3.0,5.0,-2.0,0,0.3
20254,pool9,CAPINA DUNHILL,ROMAN JESSLY REYAN,2.0,5.0,-3.0,0,0.2
20254,pool9,MAMURIC JOSE SR,CONTADO ALJOR,0.0,5.0,-5.0,0,0.0
20254,pool9,ENSAMTAN EDAN YAKOV,SESE JUANCHO MIGUEL,5.0,0.0,5.0,1,1.0
20254,pool9,CONTADO ALJOR,CAPINA DUNHILL,5.0,3.0,2.0,1,0.7
20254,pool9,ROMAN JESSLY REYAN,ENSAMTAN EDAN YAKOV,3.0,5.0,-2.0,0,0.3
20254,pool9,SESE JUANCHO MIGUEL,MAMURIC JOSE SR,5.0,1.0,4.0,1,0.9
20254,pool9,CAPINA DUNHILL,ENSAMTAN EDAN YAKOV,2.0,3.0,-1.0,0,0.33333333333333337
20254,pool9,CONTADO ALJOR,SESE JUANCHO MIGUEL,5.0,1.0,4.0,1,0.9
20254,pool9,MAMURIC JOSE SR,ROMAN JESSLY REYAN,0.0,5.0,-5.0,0,0.0
20254,pool9,SESE JUANCHO MIGUEL,CAPINA DUNHILL,3.0,5.0,-2.0,0,0.3
20254,pool9,ENSAMTAN EDAN YAKOV,MAMURIC JOSE SR,5.0,0.0,5.0,1,1.0
20254,pool9,ROMAN JESSLY REYAN,CONTADO ALJOR,4.0,5.0,-1.0,0,0.4
20254,pool9,CAPINA DUNHILL,MAMURIC JOSE SR,5.0,3.0,2.0,1,0.7
20254,pool9,SESE JUANCHO MIGUEL,ROMAN JESSLY REYAN,2.0,5.0,-3.0,0,0.2
20254,pool9,CONTADO ALJOR,ENSAMTAN EDAN YAKOV,4.0,5.0,-1.0,0,0.4
20254,pool10,GUINTO YLLAC JAVIER,SINAY RUDDI OSBERT,4.0,5.0,-1.0,0,0.4
20254,pool10,PERALTA SIDNEY DEMITRI,BAUTISTA GABRIEL ANTONIO,5.0,1.0,4.0,1,0.9
20254,pool10,FUENTES ENRICO GABRIEL,GUINTO YLLAC JAVIER,4.0,3.0,1.0,1,0.625
20254,pool10,SINAY RUDDI OSBERT,PERALTA SIDNEY DEMITRI,1.0,5.0,-4.0,0,0.09999999999999998
20254,pool10,FUENTES ENRICO GABRIEL,BAUTISTA GABRIEL ANTONIO,5.0,2.0,3.0,1,0.8
20254,pool10,GUINTO YLLAC JAVIER,PERALTA SIDNEY DEMITRI,3.0,4.0,-1.0,0,0.375
20254,pool10,SINAY RUDDI OSBERT,FUENTES ENRICO GABRIEL,2.0,5.0,-3.0,0,0.2
20254,pool10,BAUTISTA GABRIEL ANTONIO,GUINTO YLLAC JAVIER,0.0,5.0,-5.0,0,0.0
20254,pool10,PERALTA SIDNEY DEMITRI,FUENTES ENRICO GABRIEL,4.0,5.0,-1.0,0,0.4
20254,pool10,BAUTISTA GABRIEL ANTONIO,SINAY RUDDI OSBERT,4.0,5.0,-1.0,0,0.4
20255,pool1,ERGINA LEE EIGRAN,ARIAS CALEB LEON,5.0,0.0,5.0,1,1.0
20255,pool1,MUNOZ DEEN RAFAEL,PANES KEN,5.0,2.0,3.0,1,0.8
20255,pool1,RAMOS JOHN DEXTER,MIRANDA IAN HEINZ,4.0,5.0,-1.0,0,0.4
20255,pool1,ERGINA LEE EIGRAN,PANES KEN,5.0,2.0,3.0,1,0.8
20255,pool1,ARIAS CALEB LEON,RAMOS JOHN DEXTER,5.0,3.0,2.0,1,0.7
20255,pool1,MIRANDA IAN HEINZ,MUNOZ DEEN RAFAEL,5.0,2.0,3.0,1,0.8
20255,pool1,ERGINA LEE EIGRAN,RAMOS JOHN DEXTER,4.0,3.0,1.0,1,0.625
20255,pool1,MIRANDA IAN HEINZ,PANES KEN,4.0,5.0,-1.0,0,0.4
20255,pool1,MUNOZ DEEN RAFAEL,ARIAS CALEB LEON,5.0,2.0,3.0,1,0.8
20255,pool1,MIRANDA IAN HEINZ,ERGINA LEE EIGRAN,3.0,5.0,-2.0,0,0.3
20255,pool1,RAMOS JOHN DEXTER,MUNOZ DEEN RAFAEL,4.0,3.0,1.0,1,0.625
20255,pool1,ARIAS CALEB LEON,PANES KEN,4.0,5.0,-1.0,0,0.4
20255,pool1,ERGINA LEE EIGRAN,MUNOZ DEEN RAFAEL,4.0,5.0,-1.0,0,0.4
20255,pool1,MIRANDA IAN HEINZ,ARIAS CALEB LEON,5.0,3.0,2.0,1,0.7
20255,pool1,RAMOS JOHN DEXTER,PANES KEN,5.0,3.0,2.0,1,0.7
20255,pool2,MALVAR LORENZO MIGUEL,BAUTISTA JOSE LORENZO,4.0,3.0,1.0,1,0.625
20255,pool2,GALLANO RUZEL,GONZALES TIMOTHY DALE,5.0,4.0,1.0,1,0.6
20255,pool2,ASERON JOSE GABRIEL,ANDRINO GILBERT,3.0,4.0,-1.0,0,0.375
20255,pool2,MALVAR LORENZO MIGUEL,GONZALES TIMOTHY DALE,3.0,5.0,-2.0,0,0.3
20255,pool2,BAUTISTA JOSE LORENZO,ASERON JOSE GABRIEL,5.0,3.0,2.0,1,0.7
20255,pool2,ANDRINO GILBERT,GALLANO RUZEL,3.0,5.0,-2.0,0,0.3
20255,pool2,MALVAR LORENZO MIGUEL,ASERON JOSE GABRIEL,5.0,2.0,3.0,1,0.8
20255,pool2,ANDRINO GILBERT,GONZALES TIMOTHY DALE,2.0,5.0,-3.0,0,0.2
20255,pool2,GALLANO RUZEL,BAUTISTA JOSE LORENZO,5.0,3.0,2.0,1,0.7
20255,pool2,ANDRINO GILBERT,MALVAR LORENZO MIGUEL,2.0,5.0,-3.0,0,0.2
20255,pool2,ASERON JOSE GABRIEL,GALLANO RUZEL,3.0,5.0,-2.0,0,0.3
20255,pool2,BAUTISTA JOSE LORENZO,GONZALES TIMOTHY DALE,4.0,5.0,-1.0,0,0.4
20255,pool2,MALVAR LORENZO MIGUEL,GALLANO RUZEL,4.0,5.0,-1.0,0,0.4
20255,pool2,ANDRINO GILBERT,BAUTISTA JOSE LORENZO,3.0,5.0,-2.0,0,0.3
20255,pool2,ASERON JOSE GABRIEL,GONZALES TIMOTHY DALE,5.0,2.0,3.0,1,0.8
20255,pool3,CAPINA DUNHILL,GERONIMO DON REYZEL,5.0,3.0,2.0,1,0.7
20255,pool3,RODRIGUEZ VINCE BENJAMIN,MENDOZA JAIRUS,4.0,5.0,-1.0,0,0.4
20255,pool3,BUGARING DENZEL KENT,LAURON SEAN PATRICK,3.0,5.0,-2.0,0,0.3
20255,pool3,MENDOZA JAIRUS,CAPINA DUNHILL,5.0,3.0,2.0,1,0.7
20255,pool3,GERONIMO DON REYZEL,BUGARING DENZEL KENT,5.0,4.0,1.0,1,0.6
20255,pool3,LAURON SEAN PATRICK,RODRIGUEZ VINCE BENJAMIN,5.0,2.0,3.0,1,0.8
20255,pool3,CAPINA DUNHILL,BUGARING DENZEL KENT,4.0,3.0,1.0,1,0.625
20255,pool3,MENDOZA JAIRUS,LAURON SEAN PATRICK,2.0,5.0,-3.0,0,0.2
20255,pool3,RODRIGUEZ VINCE BENJAMIN,GERONIMO DON REYZEL,4.0,5.0,-1.0,0,0.4
20255,pool3,LAURON SEAN PATRICK,CAPINA DUNHILL,5.0,3.0,2.0,1,0.7
20255,pool3,BUGARING DENZEL KENT,RODRIGUEZ VINCE BENJAMIN,1.0,5.0,-4.0,0,0.09999999999999998
20255,pool3,GERONIMO DON REYZEL,MENDOZA JAIRUS,5.0,2.0,3.0,1,0.8
20255,pool3,CAPINA DUNHILL,RODRIGUEZ VINCE BENJAMIN,5.0,4.0,1.0,1,0.6
20255,pool3,LAURON SEAN PATRICK,GERONIMO DON REYZEL,1.0,5.0,-4.0,0,0.09999999999999998
20255,pool3,MENDOZA JAIRUS,BUGARING DENZEL KENT,5.0,1.0,4.0,1,0.9
20255,pool4,ARIAS ANTHONY BERNARD,PERALTA SIDNEY DEMITRI,5.0,3.0,2.0,1,0.7
20255,pool4,BUNAGAN GABRIEL,BAUTISTA JIAN MIGUEL,2.0,5.0,-3.0,0,0.2
20255,pool4,GODBOUT JOSEPH ANTHONY,MAYO MATT JACOB,2.0,5.0,-3.0,0,0.2
20255,pool4,BAUTISTA JIAN MIGUEL,ARIAS ANTHONY BERNARD,5.0,3.0,2.0,1,0.7
20255,pool4,PERALTA SIDNEY DEMITRI,MAYO MATT JACOB,4.0,5.0,-1.0,0,0.4
20255,pool4,GODBOUT JOSEPH ANTHONY,BUNAGAN GABRIEL,5.0,3.0,2.0,1,0.7
20255,pool4,ARIAS ANTHONY BERNARD,MAYO MATT JACOB,2.0,5.0,-3.0,0,0.2
20255,pool4,BAUTISTA JIAN MIGUEL,GODBOUT JOSEPH ANTHONY,5.0,3.0,2.0,1,0.7
20255,pool4,BUNAGAN GABRIEL,PERALTA SIDNEY DEMITRI,5.0,1.0,4.0,1,0.9
20255,pool4,GODBOUT JOSEPH ANTHONY,ARIAS ANTHONY BERNARD,5.0,1.0,4.0,1,0.9
20255,pool4,BUNAGAN GABRIEL,MAYO MATT JACOB,4.0,3.0,1.0,1,0.625
20255,pool4,PERALTA SIDNEY DEMITRI,BAUTISTA JIAN MIGUEL,1.0,5.0,-4.0,0,0.09999999999999998
20255,pool4,ARIAS ANTHONY BERNARD,BUNAGAN GABRIEL,5.0,4.0,1.0,1,0.6
20255,pool4,GODBOUT JOSEPH ANTHONY,PERALTA SIDNEY DEMITRI,5.0,2.0,3.0,1,0.8
20255,pool4,BAUTISTA JIAN MIGUEL,MAYO MATT JACOB,5.0,2.0,3.0,1,0.8
20255,pool5,SESE JUANCHO MIGUEL,ROYERAS EDEL,0.0,5.0,-5.0,0,0.0
20255,pool5,DE SILOS JOAQUIN PABLO,DEL CASTILLO OSCAR GABRIEL,2.0,5.0,-3.0,0,0.2
20255,pool5,PURISIMA ALDWIN TROY,SALIPONG KEVIN CARLOS,5.0,2.0,3.0,1,0.8
20255,pool5,DEL CASTILLO OSCAR GABRIEL,SESE JUANCHO MIGUEL,5.0,2.0,3.0,1,0.8
20255,pool5,ROYERAS EDEL,PURISIMA ALDWIN TROY,5.0,1.0,4.0,1,0.9
20255,pool5,SALIPONG KEVIN CARLOS,DE SILOS JOAQUIN PABLO,0.0,5.0,-5.0,0,0.0
20255,pool5,SESE JUANCHO MIGUEL,PURISIMA ALDWIN TROY,3.0,5.0,-2.0,0,0.3
20255,pool5,DEL CASTILLO OSCAR GABRIEL,SALIPONG KEVIN CARLOS,5.0,0.0,5.0,1,1.0
20255,pool5,DE SILOS JOAQUIN PABLO,ROYERAS EDEL,3.0,5.0,-2.0,0,0.3
20255,pool5,SALIPONG KEVIN CARLOS,SESE JUANCHO MIGUEL,1.0,5.0,-4.0,0,0.09999999999999998
20255,pool5,PURISIMA ALDWIN TROY,DE SILOS JOAQUIN PABLO,3.0,5.0,-2.0,0,0.3
20255,pool5,ROYERAS EDEL,DEL CASTILLO OSCAR GABRIEL,3.0,5.0,-2.0,0,0.3
20255,pool5,SESE JUANCHO MIGUEL,DE SILOS JOAQUIN PABLO,5.0,2.0,3.0,1,0.8
20255,pool5,SALIPONG KEVIN CARLOS,ROYERAS EDEL,3.0,5.0,-2.0,0,0.3
20255,pool5,DEL CASTILLO OSCAR GABRIEL,PURISIMA ALDWIN TROY,5.0,2.0,3.0,1,0.8
20255,pool6,FUENTES ENRICO GABRIEL,SUMICION MARCO ANTONIO,4.0,5.0,-1.0,0,0.4
20255,pool6,VILOS KYLLE ALDRICH,CONTADO ALJOR,5.0,1.0,4.0,1,0.9
20255,pool6,GRAHAM CHRISTOPHER FRANCIS,BLANCH ALECSANDREI ETHAN,1.0,5.0,-4.0,0,0.09999999999999998
20255,pool6,CONTADO ALJOR,FUENTES ENRICO GABRIEL,1.0,5.0,-4.0,0,0.09999999999999998
20255,pool6,SUMICION MARCO ANTONIO,GRAHAM CHRISTOPHER FRANCIS,3.0,4.0,-1.0,0,0.375
20255,pool6,BLANCH ALECSANDREI ETHAN,VILOS KYLLE ALDRICH,4.0,3.0,1.0,1,0.625
20255,pool6,FUENTES ENRICO GABRIEL,GRAHAM CHRISTOPHER FRANCIS,5.0,3.0,2.0,1,0.7
20255,pool6,CONTADO ALJOR,BLANCH ALECSANDREI ETHAN,5.0,1.0,4.0,1,0.9
20255,pool6,VILOS KYLLE ALDRICH,SUMICION MARCO ANTONIO,5.0,4.0,1.0,1,0.6
20255,pool6,BLANCH ALECSANDREI ETHAN,FUENTES ENRICO GABRIEL,5.0,4.0,1.0,1,0.6
20255,pool6,GRAHAM CHRISTOPHER FRANCIS,VILOS KYLLE ALDRICH,2.0,5.0,-3.0,0,0.2
20255,pool6,SUMICION MARCO ANTONIO,CONTADO ALJOR,2.0,5.0,-3.0,0,0.2
20255,pool6,FUENTES ENRICO GABRIEL,VILOS KYLLE ALDRICH,5.0,4.0,1.0,1,0.6
20255,pool6,BLANCH ALECSANDREI ETHAN,SUMICION MARCO ANTONIO,4.0,3.0,1.0,1,0.625
20255,pool6,CONTADO ALJOR,GRAHAM CHRISTOPHER FRANCIS,4.0,5.0,-1.0,0,0.4
20255,pool7,ENSAMTAN EDAN YAKOV,SINAY RUDDI OSBERT,5.0,2.0,3.0,1,0.8
20255,pool7,MALINAO JOHN AGASTI,ALERTA JOEB,5.0,1.0,4.0,1,0.9
20255,pool7,DATOR ALLAN,CASTILLO RENZO VAN JORDZ,5.0,3.0,2.0,1,0.7
20255,pool7,ALERTA JOEB,ENSAMTAN EDAN YAKOV,2.0,3.0,-1.0,0,0.33333333333333337
20255,pool7,SINAY RUDDI OSBERT,DATOR ALLAN,5.0,4.0,1.0,1,0.6
20255,pool7,CASTILLO RENZO VAN JORDZ,MALINAO JOHN AGASTI,1.0,5.0,-4.0,0,0.09999999999999998
20255,pool7,ENSAMTAN EDAN YAKOV,DATOR ALLAN,3.0,5.0,-2.0,0,0.3
20255,pool7,ALERTA JOEB,CASTILLO RENZO VAN JORDZ,5.0,0.0,5.0,1,1.0
20255,pool7,MALINAO JOHN AGASTI,SINAY RUDDI OSBERT,1.0,4.0,-3.0,0,0.125
20255,pool7,CASTILLO RENZO VAN JORDZ,ENSAMTAN EDAN YAKOV,2.0,5.0,-3.0,0,0.2
20255,pool7,DATOR ALLAN,MALINAO JOHN AGASTI,0.0,5.0,-5.0,0,0.0
20255,pool7,SINAY RUDDI OSBERT,ALERTA JOEB,5.0,4.0,1.0,1,0.6
20255,pool7,ENSAMTAN EDAN YAKOV,MALINAO JOHN AGASTI,3.0,1.0,2.0,1,0.8333333333333333
20255,pool7,CASTILLO RENZO VAN JORDZ,SINAY RUDDI OSBERT,2.0,5.0,-3.0,0,0.2
20255,pool7,ALERTA JOEB,DATOR ALLAN,5.0,3.0,2.0,1,0.7
20255,pool8,HO CALIX ANDREAS,IGARES DUSTIN,4.0,5.0,-1.0,0,0.4
20255,pool8,ROMAN JESSLY REYAN,GUINTO YLLAC JAVIER,5.0,1.0,4.0,1,0.9
20255,pool8,TEE JACOB,HO CALIX ANDREAS,1.0,5.0,-4.0,0,0.09999999999999998
20255,pool8,IGARES DUSTIN,ROMAN JESSLY REYAN,5.0,4.0,1.0,1,0.6
20255,pool8,TEE JACOB,GUINTO YLLAC JAVIER,1.0,5.0,-4.0,0,0.09999999999999998
20255,pool8,HO CALIX ANDREAS,ROMAN JESSLY REYAN,5.0,4.0,1.0,1,0.6
20255,pool8,IGARES DUSTIN,TEE JACOB,4.0,5.0,-1.0,0,0.4
20255,pool8,GUINTO YLLAC JAVIER,HO CALIX ANDREAS,4.0,5.0,-1.0,0,0.4
20255,pool8,ROMAN JESSLY REYAN,TEE JACOB,5.0,1.0,4.0,1,0.9
20255,pool8,GUINTO YLLAC JAVIER,IGARES DUSTIN,1.0,5.0,-4.0,0,0.09999999999999998
20251,Table of 64,PERALTA SIDNEY DEMITRI,SESE JUANCHO MIGUEL,15.0,7.0,8.0,1,0.7666666666666666
20251,Table of 64,GALE VON EUBERT,BUNAGAN GABRIEL,15.0,8.0,7.0,1,0.7333333333333334
20251,Table of 64,COMALING MICHAEL VER ANTON,BUENTIPO JR. MEYNARDO EDWARD CARLO,10.0,15.0,-5.0,0,0.33333333333333337
20251,Table of 64,RAMOS JOHN DEXTER,BUGARING DENZEL KENT,15.0,6.0,9.0,1,0.8
20251,Table of 64,SIN MAGNUS AURELIUS,GODBOUT JOSEPH ANTHONY,5.0,15.0,-10.0,0,0.16666666666666669
20251,Table of 64,RODRIGUEZ VINCE BENJAMIN,DATOR ALLAN,15.0,14.0,1.0,1,0.5333333333333333
20251,Table of 64,MAYO MATT JACOB,CAPINA DUNHILL,12.0,11.0,1.0,1,0.5416666666666666
20251,Table of 64,PANES KEN,YANOS KHENETH,15.0,3.0,12.0,1,0.9
20251,Table of 64,LARGO ZEBASTIAN ISAIAH,PANGILINAN ABI FRANCE,15.0,13.0,2.0,1,0.5666666666666667
20251,Table of 64,DE SILOS JOAQUIN PABLO,ERGINA LEE EIGRAN,4.0,15.0,-11.0,0,0.13333333333333336
20251,Table of 64,DEL CASTILLO OSCAR GABRIEL,TEE JACOB,15.0,2.0,13.0,1,0.9333333333333333
20251,Table of 64,GERONIMO DON REYZEL,DIMAILIG CARLOS,11.0,15.0,-4.0,0,0.3666666666666667
20251,Table of 64,FUENTES ENRICO GABRIEL,MASANAGA RYUICHIRO,15.0,10.0,5.0,1,0.6666666666666666
20251,Table of 64,TAN MICHAEL HIJO,ENSAMTAN EDAN YAKOV,14.0,15.0,-1.0,0,0.4666666666666667
20251,Table of 64,JACINTO LUCAS,ESTEPA RODLEY FOURTH,14.0,15.0,-1.0,0,0.4666666666666667
20251,Table of 64,GRAHAM CHRISTOPHER FRANCIS,MALVAR LORENZO MIGUEL,9.0,15.0,-6.0,0,0.3
20251,Table of 64,ROMAN JESSLY REYAN,BERNAL KIETH MEANFRED,15.0,9.0,6.0,1,0.7
20251,Table of 64,GATMAYTAN SAMUEL,PUTIAN ADAM,9.0,15.0,-6.0,0,0.3
20251,Table of 64,BLANCH ALECSANDREI ETHAN,ESTEPA RODGE TRIONE,15.0,13.0,2.0,1,0.5666666666666667
20251,Table of 64,BAUTISTA JOSE LORENZO,BAUTISTA JIAN MIGUEL,7.0,15.0,-8.0,0,0.23333333333333334
20251,Table of 64,CABRERA JOSE FABER,BOO TRUE MALACHI,15.0,7.0,8.0,1,0.7666666666666666
20251,Table of 64,MENDOZA JAIRUS,ENCELAN RAMIL JR.,9.0,15.0,-6.0,0,0.3
20251,Table of 64,DELA CRUZ DOMINIQUE PAUL,SALALIMA RALPH NIELSEN,15.0,5.0,10.0,1,0.8333333333333333
20251,Table of 64,THAI JOTHAM,OBZUNAR AURELL FLORENCE,9.0,15.0,-6.0,0,0.3
20251,Table of 64,PABALAN BRIANNE KLYDE,DEVEZA LUIS INIGO,15.0,12.0,3.0,1,0.6
20251,Table of 64,ONG MARIXON,GALLANO RUZEL,7.0,15.0,-8.0,0,0.23333333333333334
20251,Table of 64,MUNOZ DEEN RAFAEL,MALINAO JOHN AGASTI,15.0,14.0,1.0,1,0.5333333333333333
20251,Table of 32,JOSE NOELITO JR.,PERALTA SIDNEY DEMITRI,15.0,6.0,9.0,1,0.8
20251,Table of 32,GALE VON EUBERT,BUENTIPO JR. MEYNARDO EDWARD CARLO,15.0,10.0,5.0,1,0.6666666666666666
20251,Table of 32,RAMOS JOHN DEXTER,GODBOUT JOSEPH ANTHONY,9.0,8.0,1.0,1,0.5555555555555556
20251,Table of 32,RODRIGUEZ VINCE BENJAMIN,MAYO MATT JACOB,14.0,15.0,-1.0,0,0.4666666666666667
20251,Table of 32,GONZALES TIMOTHY DALE,PANES KEN,15.0,8.0,7.0,1,0.7333333333333334
20251,Table of 32,LARGO ZEBASTIAN ISAIAH,ERGINA LEE EIGRAN,1.0,15.0,-14.0,0,0.033333333333333326
20251,Table of 32,DEL CASTILLO OSCAR GABRIEL,DIMAILIG CARLOS,15.0,11.0,4.0,1,0.6333333333333333
20251,Table of 32,FUENTES ENRICO GABRIEL,HO CALIX ANDREAS,6.0,15.0,-9.0,0,0.2
20251,Table of 32,LAURON SEAN PATRICK,ENSAMTAN EDAN YAKOV,15.0,10.0,5.0,1,0.6666666666666666
20251,Table of 32,ESTEPA RODLEY FOURTH,MALVAR LORENZO MIGUEL,14.0,15.0,-1.0,0,0.4666666666666667
20251,Table of 32,ROMAN JESSLY REYAN,PUTIAN ADAM,15.0,10.0,5.0,1,0.6666666666666666
20251,Table of 32,BLANCH ALECSANDREI ETHAN,BAUTISTA JIAN MIGUEL,6.0,15.0,-9.0,0,0.2
20251,Table of 32,CABRERA JOSE FABER,ENCELAN RAMIL JR.,15.0,8.0,7.0,1,0.7333333333333334
20251,Table of 32,DELA CRUZ DOMINIQUE PAUL,OBZUNAR AURELL FLORENCE,13.0,14.0,-1.0,0,0.4642857142857143
20251,Table of 32,PABALAN BRIANNE KLYDE,GALLANO RUZEL,12.0,15.0,-3.0,0,0.4
20251,Table of 16,JOSE NOELITO JR.,GALE VON EUBERT,15.0,5.0,10.0,1,0.8333333333333333
20251,Table of 16,RAMOS JOHN DEXTER,MAYO MATT JACOB,15.0,8.0,7.0,1,0.7333333333333334
20251,Table of 16,GONZALES TIMOTHY DALE,ERGINA LEE EIGRAN,11.0,12.0,-1.0,0,0.4583333333333333
20251,Table of 16,DEL CASTILLO OSCAR GABRIEL,HO CALIX ANDREAS,15.0,12.0,3.0,1,0.6
20251,Table of 16,LAURON SEAN PATRICK,MALVAR LORENZO MIGUEL,15.0,5.0,10.0,1,0.8333333333333333
20251,Table of 16,ROMAN JESSLY REYAN,BAUTISTA JIAN MIGUEL,13.0,15.0,-2.0,0,0.43333333333333335
20251,Table of 16,CABRERA JOSE FABER,OBZUNAR AURELL FLORENCE,15.0,12.0,3.0,1,0.6
20251,Table of 16,GALLANO RUZEL,PEREZ REYNALDO JR,15.0,12.0,3.0,1,0.6
20251,Table of 8,JOSE NOELITO JR.,RAMOS JOHN DEXTER,15.0,9.0,6.0,1,0.7
20251,Table of 8,ERGINA LEE EIGRAN,DEL CASTILLO OSCAR GABRIEL,15.0,9.0,6.0,1,0.7
20251,Table of 8,LAURON SEAN PATRICK,BAUTISTA JIAN MIGUEL,15.0,9.0,6.0,1,0.7
20251,Table of 8,CABRERA JOSE FABER,GALLANO RUZEL,14.0,15.0,-1.0,0,0.4666666666666667
20251,Semi-Finals,JOSE NOELITO JR.,ERGINA LEE EIGRAN,15.0,7.0,8.0,1,0.7666666666666666
20251,Semi-Finals,LAURON SEAN PATRICK,GALLANO RUZEL,10.0,9.0,1.0,1,0.55
20251,Finals,JOSE NOELITO JR.,LAURON SEAN PATRICK,14.0,15.0,-1.0,0,0.4666666666666667
20252,Table of 64,ONG MARIXON,DEL CASTILLO OSCAR GABRIEL,5.0,15.0,-10.0,0,0.16666666666666669
20252,Table of 64,OBZUNAR AURELL FLORENCE,DE GUZMAN REYNALDO,15.0,6.0,9.0,1,0.8
20252,Table of 64,SALALIMA RALPH NIELSEN,MALINAO JOHN AGASTI,11.0,15.0,-4.0,0,0.3666666666666667
20252,Table of 64,BERNAL KIETH MEANFRED,PERALTA SIDNEY DEMITRI,14.0,15.0,-1.0,0,0.4666666666666667
20252,Table of 64,GERONIMO DON REYZEL,DIMAILIG CARLOS,15.0,9.0,6.0,1,0.7
20252,Table of 64,PANES KEN,ENCELAN RAMIL JR.,14.0,15.0,-1.0,0,0.4666666666666667
20252,Table of 64,MAYO MATT JACOB,OCAMPO TAN ALLAN,15.0,6.0,9.0,1,0.8
20252,Table of 64,CABRERA JOSE FABER,PUTIAN ADAM,15.0,14.0,1.0,1,0.5333333333333333
20252,Table of 64,GUINTO YLLAC JAVIER,JACINTO LUCAS,15.0,6.0,9.0,1,0.8
20252,Table of 64,GRAHAM CHRISTOPHER FRANCIS,GALE VON EUBERT,11.0,15.0,-4.0,0,0.3666666666666667
20252,Table of 64,TEE JACOB,DATOR ALLAN,6.0,15.0,-9.0,0,0.2
20252,Table of 64,SESE JUANCHO MIGUEL,CHAN JOAQUIN BENITO,15.0,14.0,1.0,1,0.5333333333333333
20252,Table of 64,HO CALIX ANDREAS,SINAY RUDDI OSBERT,15.0,5.0,10.0,1,0.8333333333333333
20252,Table of 64,PASCAL NICOLAS,ENSAMTAN EDAN YAKOV,5.0,15.0,-10.0,0,0.16666666666666669
20252,Table of 64,RAMOS JOHN DEXTER,ARIAS ANTHONY BERNARD,15.0,5.0,10.0,1,0.8333333333333333
20252,Table of 64,SON DIEGO RAFAEL,BLANCH ALECSANDREI ETHAN,12.0,15.0,-3.0,0,0.4
20252,Table of 64,DELA PAZ FRANCIS ANGELO,GALLANO RUZEL,11.0,15.0,-4.0,0,0.3666666666666667
20252,Table of 64,GODBOUT JOSEPH ANTHONY,DELA CRUZ DOMINIQUE PAUL,13.0,15.0,-2.0,0,0.43333333333333335
20252,Table of 64,CONTADO ALJOR,CORSIGA RAFAEL,15.0,11.0,4.0,1,0.6333333333333333
20252,Table of 64,RAMOS THADDEUS,FUENTES ENRICO GABRIEL,7.0,15.0,-8.0,0,0.23333333333333334
20252,Table of 64,RODRIGUEZ VINCE BENJAMIN,BUNAGAN GABRIEL,11.0,15.0,-4.0,0,0.3666666666666667
20252,Table of 64,IGARES DUSTIN,MALVAR LORENZO MIGUEL,9.0,15.0,-6.0,0,0.3
20252,Table of 64,SARMIENTO CHRISTIAN,PANGILINAN ABI FRANCE,15.0,9.0,6.0,1,0.7
20252,Table of 32,JOSE NOELITO JR.,DEL CASTILLO OSCAR GABRIEL,15.0,5.0,10.0,1,0.8333333333333333
20252,Table of 32,OBZUNAR AURELL FLORENCE,MALINAO JOHN AGASTI,9.0,10.0,-1.0,0,0.45
20252,Table of 32,BUENTIPO JR. MEYNARDO EDWARD CARLO,PERALTA SIDNEY DEMITRI,15.0,8.0,7.0,1,0.7333333333333334
20252,Table of 32,GERONIMO DON REYZEL,ROMAN JESSLY REYAN,9.0,15.0,-6.0,0,0.3
20252,Table of 32,CAPINA DUNHILL,ENCELAN RAMIL JR.,11.0,15.0,-4.0,0,0.3666666666666667
20252,Table of 32,GUINTO YLLAC JAVIER,GALE VON EUBERT,13.0,11.0,2.0,1,0.5769230769230769
20252,Table of 32,DATOR ALLAN,LAURON SEAN PATRICK,7.0,15.0,-8.0,0,0.23333333333333334
20252,Table of 32,BAUTISTA JIAN MIGUEL,SESE JUANCHO MIGUEL,15.0,10.0,5.0,1,0.6666666666666666
20252,Table of 32,HO CALIX ANDREAS,ENSAMTAN EDAN YAKOV,15.0,13.0,2.0,1,0.5666666666666667
20252,Table of 32,RAMOS JOHN DEXTER,BLANCH ALECSANDREI ETHAN,15.0,13.0,2.0,1,0.5666666666666667
20252,Table of 32,GALLANO RUZEL,GONZALES TIMOTHY DALE,12.0,15.0,-3.0,0,0.4
20252,Table of 32,PEREZ REYNALDO JR,DELA CRUZ DOMINIQUE PAUL,15.0,7.0,8.0,1,0.7666666666666666
20252,Table of 32,CONTADO ALJOR,FUENTES ENRICO GABRIEL,13.0,15.0,-2.0,0,0.43333333333333335
20252,Table of 32,BUNAGAN GABRIEL,MALVAR LORENZO MIGUEL,8.0,15.0,-7.0,0,0.26666666666666666
20252,Table of 32,SARMIENTO CHRISTIAN,ERGINA LEE EIGRAN,9.0,15.0,-6.0,0,0.3
20252,Table of 16,JOSE NOELITO JR.,MALINAO JOHN AGASTI,15.0,4.0,11.0,1,0.8666666666666667
20252,Table of 16,BUENTIPO JR. MEYNARDO EDWARD CARLO,ROMAN JESSLY REYAN,13.0,15.0,-2.0,0,0.43333333333333335
20252,Table of 16,ENCELAN RAMIL JR.,MAYO MATT JACOB,12.0,15.0,-3.0,0,0.4
20252,Table of 16,GUINTO YLLAC JAVIER,LAURON SEAN PATRICK,4.0,15.0,-11.0,0,0.13333333333333336
20252,Table of 16,BAUTISTA JIAN MIGUEL,HO CALIX ANDREAS,15.0,13.0,2.0,1,0.5666666666666667
20252,Table of 16,RAMOS JOHN DEXTER,GONZALES TIMOTHY DALE,13.0,15.0,-2.0,0,0.43333333333333335
20252,Table of 16,PEREZ REYNALDO JR,FUENTES ENRICO GABRIEL,13.0,15.0,-2.0,0,0.43333333333333335
20252,Table of 16,MALVAR LORENZO MIGUEL,ERGINA LEE EIGRAN,4.0,15.0,-11.0,0,0.13333333333333336
20252,Table of 8,JOSE NOELITO JR.,ROMAN JESSLY REYAN,15.0,5.0,10.0,1,0.8333333333333333
20252,Table of 8,MAYO MATT JACOB,LAURON SEAN PATRICK,8.0,15.0,-7.0,0,0.26666666666666666
20252,Table of 8,BAUTISTA JIAN MIGUEL,GONZALES TIMOTHY DALE,15.0,10.0,5.0,1,0.6666666666666666
20252,Table of 8,FUENTES ENRICO GABRIEL,ERGINA LEE EIGRAN,4.0,15.0,-11.0,0,0.13333333333333336
20252,Semi-Finals,JOSE NOELITO JR.,LAURON SEAN PATRICK,15.0,7.0,8.0,1,0.7666666666666666
20252,Semi-Finals,BAUTISTA JIAN MIGUEL,ERGINA LEE EIGRAN,13.0,15.0,-2.0,0,0.43333333333333335
20252,Finals,JOSE NOELITO JR.,ERGINA LEE EIGRAN,15.0,7.0,8.0,1,0.7666666666666666
20253,Table of 64,RAMOS THADDEUS,LARGO ZEBASTIAN ISAIAH,9.0,15.0,-6.0,0,0.3
20253,Table of 64,DELA CRUZ DOMINIQUE PAUL,ESTEPA RODGE TRIONE,15.0,13.0,2.0,1,0.5666666666666667
20253,Table of 64,PANGILINAN ABI FRANCE,HO CALIX ANDREAS,5.0,15.0,-10.0,0,0.16666666666666669
20253,Table of 64,MALVAR LORENZO MIGUEL,ENSAMTAN EDAN YAKOV,12.0,15.0,-3.0,0,0.4
20253,Table of 64,MASANAGA RYUICHIRO,ARIAS ANTHONY BERNARD,15.0,8.0,7.0,1,0.7333333333333334
20253,Table of 64,BAUTISTA JOSE LORENZO,CAPINA DUNHILL,15.0,11.0,4.0,1,0.6333333333333333
20253,Table of 64,MALINAO JOHN AGASTI,DATOR ALLAN,15.0,4.0,11.0,1,0.8666666666666667
20253,Table of 64,IGARES DUSTIN,OCAMPO TAN ALLAN,15.0,5.0,10.0,1,0.8333333333333333
20253,Table of 64,DE SILOS JOAQUIN PABLO,MUNOZ DEEN RAFAEL,9.0,15.0,-6.0,0,0.3
20253,Table of 64,PUTIAN ADAM,GATMAYTAN SAMUEL,15.0,9.0,6.0,1,0.7
20253,Table of 64,BUNAGAN GABRIEL,RAMOS JOHN DEXTER,5.0,15.0,-10.0,0,0.16666666666666669
20253,Table of 64,SINAY RUDDI OSBERT,SARMIENTO CHRISTIAN,11.0,13.0,-2.0,0,0.4230769230769231
20253,Table of 64,RODRIGUEZ VINCE BENJAMIN,DEL CASTILLO OSCAR GABRIEL,2.0,15.0,-13.0,0,0.06666666666666665
20253,Table of 64,PANES KEN,PEDIAPCO FRANCO ANTONINO,15.0,9.0,6.0,1,0.7
20253,Table of 64,BAUTISTA JIAN MIGUEL,SALALIMA RALPH NIELSEN,15.0,4.0,11.0,1,0.8666666666666667
20253,Table of 64,CONTADO ALJOR,PERALTA SIDNEY DEMITRI,15.0,12.0,3.0,1,0.6
20253,Table of 64,OBZUNAR AURELL FLORENCE,GRAHAM CHRISTOPHER FRANCIS,15.0,9.0,6.0,1,0.7
20253,Table of 64,MAYO MATT JACOB,ONG MARIXON,15.0,8.0,7.0,1,0.7333333333333334
20253,Table of 64,BUGARING DENZEL KENT,LAURON SEAN PATRICK,4.0,15.0,-11.0,0,0.13333333333333336
20253,Table of 64,ESTEPA RODLEY FOURTH,MENDOZA JAIRUS,15.0,14.0,1.0,1,0.5333333333333333
20253,Table of 32,PEREZ REYNALDO JR,LARGO ZEBASTIAN ISAIAH,15.0,8.0,7.0,1,0.7333333333333334
20253,Table of 32,DELA CRUZ DOMINIQUE PAUL,HO CALIX ANDREAS,12.0,13.0,-1.0,0,0.46153846153846156
20253,Table of 32,GERONIMO DON REYZEL,ENSAMTAN EDAN YAKOV,5.0,15.0,-10.0,0,0.16666666666666669
20253,Table of 32,MASANAGA RYUICHIRO,ROMAN JESSLY REYAN,7.0,15.0,-8.0,0,0.23333333333333334
20253,Table of 32,GUINTO YLLAC JAVIER,BAUTISTA JOSE LORENZO,15.0,7.0,8.0,1,0.7666666666666666
20253,Table of 32,MALINAO JOHN AGASTI,GALLANO RUZEL,13.0,15.0,-2.0,0,0.43333333333333335
20253,Table of 32,IGARES DUSTIN,MUNOZ DEEN RAFAEL,9.0,15.0,-6.0,0,0.3
20253,Table of 32,PUTIAN ADAM,ENCELAN RAMIL JR.,10.0,15.0,-5.0,0,0.33333333333333337
20253,Table of 32,ERGINA LEE EIGRAN,RAMOS JOHN DEXTER,15.0,6.0,9.0,1,0.8
20253,Table of 32,SARMIENTO CHRISTIAN,DEL CASTILLO OSCAR GABRIEL,9.0,15.0,-6.0,0,0.3
20253,Table of 32,GALE VON EUBERT,PANES KEN,15.0,12.0,3.0,1,0.6
20253,Table of 32,BAUTISTA JIAN MIGUEL,BUENTIPO JR. MEYNARDO EDWARD CARLO,15.0,9.0,6.0,1,0.7
20253,Table of 32,FUENTES ENRICO GABRIEL,CONTADO ALJOR,15.0,9.0,6.0,1,0.7
20253,Table of 32,OBZUNAR AURELL FLORENCE,GONZALES TIMOTHY DALE,11.0,15.0,-4.0,0,0.3666666666666667
20253,Table of 32,MAYO MATT JACOB,LAURON SEAN PATRICK,5.0,15.0,-10.0,0,0.16666666666666669
20253,Table of 32,ESTEPA RODLEY FOURTH,JOSE NOELITO JR.,2.0,15.0,-13.0,0,0.06666666666666665
20253,Table of 16,PEREZ REYNALDO JR,HO CALIX ANDREAS,15.0,10.0,5.0,1,0.6666666666666666
20253,Table of 16,ENSAMTAN EDAN YAKOV,ROMAN JESSLY REYAN,15.0,14.0,1.0,1,0.5333333333333333
20253,Table of 16,GUINTO YLLAC JAVIER,GALLANO RUZEL,10.0,13.0,-3.0,0,0.3846153846153846
20253,Table of 16,MUNOZ DEEN RAFAEL,ENCELAN RAMIL JR.,13.0,15.0,-2.0,0,0.43333333333333335
20253,Table of 16,ERGINA LEE EIGRAN,DEL CASTILLO OSCAR GABRIEL,15.0,10.0,5.0,1,0.6666666666666666
20253,Table of 16,GALE VON EUBERT,BAUTISTA JIAN MIGUEL,10.0,15.0,-5.0,0,0.33333333333333337
20253,Table of 16,FUENTES ENRICO GABRIEL,GONZALES TIMOTHY DALE,12.0,15.0,-3.0,0,0.4
20253,Table of 16,LAURON SEAN PATRICK,JOSE NOELITO JR.,6.0,15.0,-9.0,0,0.2
20253,Table of 8,PEREZ REYNALDO JR,ENSAMTAN EDAN YAKOV,15.0,10.0,5.0,1,0.6666666666666666
20253,Table of 8,GALLANO RUZEL,ENCELAN RAMIL JR.,15.0,6.0,9.0,1,0.8
20253,Table of 8,ERGINA LEE EIGRAN,BAUTISTA JIAN MIGUEL,14.0,15.0,-1.0,0,0.4666666666666667
20253,Table of 8,GONZALES TIMOTHY DALE,JOSE NOELITO JR.,9.0,15.0,-6.0,0,0.3
20253,Semi-Finals,PEREZ REYNALDO JR,GALLANO RUZEL,15.0,10.0,5.0,1,0.6666666666666666
20253,Semi-Finals,BAUTISTA JIAN MIGUEL,JOSE NOELITO JR.,12.0,15.0,-3.0,0,0.4
20253,Finals,PEREZ REYNALDO JR,JOSE NOELITO JR.,8.0,15.0,-7.0,0,0.26666666666666666
20254,Table of 64,PERALTA SIDNEY DEMITRI,TEE JACOB,15.0,12.0,3.0,1,0.6
20254,Table of 64,ARIAS ANTHONY BERNARD,MUNOZ DEEN RAFAEL,8.0,15.0,-7.0,0,0.26666666666666666
20254,Table of 64,BUENTIPO JR. MEYNARDO EDWARD CARLO,GUINTO YLLAC JAVIER,11.0,15.0,-4.0,0,0.3666666666666667
20254,Table of 64,DATOR ALLAN,MAYO MATT JACOB,15.0,11.0,4.0,1,0.6333333333333333
20254,Table of 64,RODRIGUEZ VINCE BENJAMIN,GRAHAM CHRISTOPHER FRANCIS,15.0,12.0,3.0,1,0.6
20254,Table of 64,ONG MARIXON,GALE VON EUBERT,7.0,15.0,-8.0,0,0.23333333333333334
20254,Table of 64,PANGILINAN ABI FRANCE,GERONIMO DON REYZEL,13.0,15.0,-2.0,0,0.43333333333333335
20254,Table of 64,IGARES DUSTIN,BUNAGAN GABRIEL,15.0,14.0,1.0,1,0.5333333333333333
20254,Table of 64,SARMIENTO CHRISTIAN,MENDOZA JAIRUS,15.0,10.0,5.0,1,0.6666666666666666
20254,Table of 64,RAMOS THADDEUS,MALINAO JOHN AGASTI,11.0,15.0,-4.0,0,0.3666666666666667
20254,Table of 64,ICASIANO AURELIO,PABALAN BRIANNE KLYDE,9.0,15.0,-6.0,0,0.3
20254,Table of 64,MAMURIC JOSE SR,ESTEPA RODLEY FOURTH,12.0,15.0,-3.0,0,0.4
20254,Table of 64,ENCELAN RAMIL JR.,BLANCH ALECSANDREI ETHAN,15.0,10.0,5.0,1,0.6666666666666666
20254,Table of 64,ARIAS CALEB LEON,ROMAN JESSLY REYAN,13.0,15.0,-2.0,0,0.43333333333333335
20254,Table of 64,SINAY RUDDI OSBERT,CAPINA DUNHILL,14.0,15.0,-1.0,0,0.4666666666666667
20254,Table of 32,JOSE NOELITO JR.,GALLANO RUZEL,15.0,4.0,11.0,1,0.8666666666666667
20254,Table of 32,PERALTA SIDNEY DEMITRI,BAUTISTA JOSE LORENZO,15.0,13.0,2.0,1,0.5666666666666667
20254,Table of 32,MASANAGA RYUICHIRO,MUNOZ DEEN RAFAEL,15.0,12.0,3.0,1,0.6
20254,Table of 32,GUINTO YLLAC JAVIER,RAMOS JOHN DEXTER,15.0,12.0,3.0,1,0.6
20254,Table of 32,LAURON SEAN PATRICK,DATOR ALLAN,15.0,3.0,12.0,1,0.9
20254,Table of 32,RODRIGUEZ VINCE BENJAMIN,ERGINA LEE EIGRAN,11.0,15.0,-4.0,0,0.3666666666666667
20254,Table of 32,CONTADO ALJOR,GALE VON EUBERT,15.0,9.0,6.0,1,0.7
20254,Table of 32,GERONIMO DON REYZEL,HO CALIX ANDREAS,14.0,15.0,-1.0,0,0.4666666666666667
20254,Table of 32,GONZALES TIMOTHY DALE,IGARES DUSTIN,15.0,10.0,5.0,1,0.6666666666666666
20254,Table of 32,SARMIENTO CHRISTIAN,PUTIAN ADAM,4.0,15.0,-11.0,0,0.13333333333333336
20254,Table of 32,PANES KEN,MALINAO JOHN AGASTI,14.0,15.0,-1.0,0,0.4666666666666667
20254,Table of 32,PABALAN BRIANNE KLYDE,ENSAMTAN EDAN YAKOV,7.0,15.0,-8.0,0,0.23333333333333334
20254,Table of 32,DEL CASTILLO OSCAR GABRIEL,ESTEPA RODLEY FOURTH,15.0,5.0,10.0,1,0.8333333333333333
20254,Table of 32,ENCELAN RAMIL JR.,FUENTES ENRICO GABRIEL,15.0,10.0,5.0,1,0.6666666666666666
20254,Table of 32,PEREZ REYNALDO JR,ROMAN JESSLY REYAN,10.0,15.0,-5.0,0,0.33333333333333337
20254,Table of 32,CAPINA DUNHILL,BAUTISTA JIAN MIGUEL,6.0,15.0,-9.0,0,0.2
20254,Table of 16,JOSE NOELITO JR.,PERALTA SIDNEY DEMITRI,15.0,2.0,13.0,1,0.9333333333333333
20254,Table of 16,MASANAGA RYUICHIRO,GUINTO YLLAC JAVIER,10.0,15.0,-5.0,0,0.33333333333333337
20254,Table of 16,LAURON SEAN PATRICK,ERGINA LEE EIGRAN,12.0,15.0,-3.0,0,0.4
20254,Table of 16,CONTADO ALJOR,HO CALIX ANDREAS,15.0,13.0,2.0,1,0.5666666666666667
20254,Table of 16,GONZALES TIMOTHY DALE,PUTIAN ADAM,15.0,9.0,6.0,1,0.7
20254,Table of 16,MALINAO JOHN AGASTI,ENSAMTAN EDAN YAKOV,9.0,8.0,1.0,1,0.5555555555555556
20254,Table of 16,DEL CASTILLO OSCAR GABRIEL,ENCELAN RAMIL JR.,15.0,14.0,1.0,1,0.5333333333333333
20254,Table of 16,ROMAN JESSLY REYAN,BAUTISTA JIAN MIGUEL,8.0,15.0,-7.0,0,0.26666666666666666
20254,Table of 8,JOSE NOELITO JR.,GUINTO YLLAC JAVIER,15.0,5.0,10.0,1,0.8333333333333333
20254,Table of 8,ERGINA LEE EIGRAN,CONTADO ALJOR,15.0,2.0,13.0,1,0.9333333333333333
20254,Table of 8,GONZALES TIMOTHY DALE,MALINAO JOHN AGASTI,15.0,11.0,4.0,1,0.6333333333333333
20254,Table of 8,DEL CASTILLO OSCAR GABRIEL,BAUTISTA JIAN MIGUEL,12.0,15.0,-3.0,0,0.4
20254,Semi-Finals,JOSE NOELITO JR.,ERGINA LEE EIGRAN,15.0,11.0,4.0,1,0.6333333333333333
20254,Semi-Finals,GONZALES TIMOTHY DALE,BAUTISTA JIAN MIGUEL,15.0,12.0,3.0,1,0.6
20254,Finals,JOSE NOELITO JR.,GONZALES TIMOTHY DALE,12.0,10.0,2.0,1,0.5833333333333334
20255,Table of 64,PURISIMA ALDWIN TROY,DATOR ALLAN,10.0,15.0,-5.0,0,0.33333333333333337
20255,Table of 64,GUINTO YLLAC JAVIER,BUNAGAN GABRIEL,15.0,12.0,3.0,1,0.6
20255,Table of 64,DE SILOS JOAQUIN PABLO,GRAHAM CHRISTOPHER FRANCIS,13.0,15.0,-2.0,0,0.43333333333333335
20255,Table of 64,ARIAS ANTHONY BERNARD,CONTADO ALJOR,9.0,15.0,-6.0,0,0.3
20255,Table of 64,RAMOS JOHN DEXTER,TEE JACOB,15.0,7.0,8.0,1,0.7666666666666666
20255,Table of 64,SESE JUANCHO MIGUEL,PANES KEN,5.0,15.0,-10.0,0,0.16666666666666669
20255,Table of 32,DEL CASTILLO OSCAR GABRIEL,DATOR ALLAN,15.0,6.0,9.0,1,0.8
20255,Table of 32,GODBOUT JOSEPH ANTHONY,MALVAR LORENZO MIGUEL,15.0,13.0,2.0,1,0.5666666666666667
20255,Table of 32,SINAY RUDDI OSBERT,ROMAN JESSLY REYAN,6.0,15.0,-9.0,0,0.2
20255,Table of 32,ALERTA JOEB,LAURON SEAN PATRICK,7.0,11.0,-4.0,0,0.3181818181818182
20255,Table of 32,ERGINA LEE EIGRAN,GUINTO YLLAC JAVIER,15.0,8.0,7.0,1,0.7333333333333334
20255,Table of 32,GONZALES TIMOTHY DALE,HO CALIX ANDREAS,15.0,9.0,6.0,1,0.7
20255,Table of 32,MALINAO JOHN AGASTI,MUNOZ DEEN RAFAEL,15.0,11.0,4.0,1,0.6333333333333333
20255,Table of 32,GRAHAM CHRISTOPHER FRANCIS,ROYERAS EDEL,10.0,15.0,-5.0,0,0.33333333333333337
20255,Table of 32,GALLANO RUZEL,CONTADO ALJOR,15.0,9.0,6.0,1,0.7
20255,Table of 32,MAYO MATT JACOB,VILOS KYLLE ALDRICH,15.0,14.0,1.0,1,0.5333333333333333
20255,Table of 32,IGARES DUSTIN,MENDOZA JAIRUS,12.0,15.0,-3.0,0,0.4
20255,Table of 32,RAMOS JOHN DEXTER,GERONIMO DON REYZEL,15.0,9.0,6.0,1,0.7
20255,Table of 32,ENSAMTAN EDAN YAKOV,BAUTISTA JOSE LORENZO,15.0,6.0,9.0,1,0.8
20255,Table of 32,CAPINA DUNHILL,BLANCH ALECSANDREI ETHAN,8.0,15.0,-7.0,0,0.26666666666666666
20255,Table of 32,FUENTES ENRICO GABRIEL,MIRANDA IAN HEINZ,15.0,11.0,4.0,1,0.6333333333333333
20255,Table of 32,PANES KEN,BAUTISTA JIAN MIGUEL,9.0,15.0,-6.0,0,0.3
20255,Table of 16,DEL CASTILLO OSCAR GABRIEL,GODBOUT JOSEPH ANTHONY,15.0,13.0,2.0,1,0.5666666666666667
20255,Table of 16,ROMAN JESSLY REYAN,LAURON SEAN PATRICK,4.0,4.0,0.0,0,0.5
20255,Table of 16,ERGINA LEE EIGRAN,GONZALES TIMOTHY DALE,15.0,12.0,3.0,1,0.6
20255,Table of 16,MALINAO JOHN AGASTI,ROYERAS EDEL,15.0,10.0,5.0,1,0.6666666666666666
20255,Table of 16,GALLANO RUZEL,MAYO MATT JACOB,15.0,10.0,5.0,1,0.6666666666666666
20255,Table of 16,MENDOZA JAIRUS,RAMOS JOHN DEXTER,12.0,15.0,-3.0,0,0.4
20255,Table of 16,ENSAMTAN EDAN YAKOV,BLANCH ALECSANDREI ETHAN,15.0,12.0,3.0,1,0.6
20255,Table of 16,FUENTES ENRICO GABRIEL,BAUTISTA JIAN MIGUEL,12.0,15.0,-3.0,0,0.4
20255,Table of 8,DEL CASTILLO OSCAR GABRIEL,LAURON SEAN PATRICK,12.0,15.0,-3.0,0,0.4
20255,Table of 8,ERGINA LEE EIGRAN,MALINAO JOHN AGASTI,15.0,5.0,10.0,1,0.8333333333333333
20255,Table of 8,GALLANO RUZEL,RAMOS JOHN DEXTER,12.0,13.0,-1.0,0,0.46153846153846156
20255,Table of 8,ENSAMTAN EDAN YAKOV,BAUTISTA JIAN MIGUEL,12.0,15.0,-3.0,0,0.4
20255,Semi-Finals,LAURON SEAN PATRICK,ERGINA LEE EIGRAN,15.0,9.0,6.0,1,0.7
20255,Semi-Finals,RAMOS JOHN DEXTER,BAUTISTA JIAN MIGUEL,12.0,15.0,-3.0,0,0.4
20255,Finals,LAURON SEAN PATRICK,BAUTISTA JIAN MIGUEL,10.0,15.0,-5.0,0,0.33333333333333337
