Leg,Pool,Right Fencer,Score1,Score2,Left Fencer
1,pool1,BUGARING DENZEL KENT,D3,V5,LARGO ZEBASTIAN ISAIAH
1,pool1,MENDOZA JAIRUS,D0,V5,JOSE NOELITO JR.
1,pool1,CORSIGA RAFAEL,D0,V5,SESE JUANCHO MIGUEL
1,pool1,JOSE NOELITO JR.,V5,D0,BUGARING DENZEL KENT
1,pool1,LARGO ZEBASTIAN ISAIAH,V5,D4,CORSIGA RAFAEL
1,pool1,SESE JUANCHO MIGUEL,V5,D4,MENDOZA JAIRUS
1,pool1,BUGARING DENZEL KENT,V5,D3,CORSIGA RAFAEL
1,pool1,JOSE NOELITO JR.,V5,D0,SESE JUANCHO MIGUEL
1,pool1,MENDOZA JAIRUS,D4,V5,LARGO ZEBASTIAN ISAIAH
1,pool1,SESE JUANCHO MIGUEL,V5,D4,BUGARING DENZEL KENT
1,pool1,CORSIGA RAFAEL,D2,V5,MENDOZA JAIRUS
1,pool1,LARGO ZEBASTIAN ISAIAH,D2,V5,JOSE NOELITO JR.
1,pool1,BUGARING DENZEL KENT,D3,V5,MENDOZA JAIRUS
1,pool1,SESE JUANCHO MIGUEL,D3,V5,LARGO ZEBASTIAN ISAIAH
1,pool1,JOSE NOELITO JR.,V5,D1,CORSIGA RAFAEL
1,pool2,CARLOS KYLE ADAM,V5,D3,MAYO MATT JACOB
1,pool2,CABRERA JOSE FABER,V5,D3,TAN MICHAEL HIJO
1,pool2,GERONIMO DON REYZEL,D0,V5,ERGINA LEE EIGRAN
1,pool2,TAN MICHAEL HIJO,V5,D1,CARLOS KYLE ADAM
1,pool2,GERONIMO DON REYZEL,V5,D4,MAYO MATT JACOB
1,pool2,ERGINA LEE EIGRAN,D3,V5,CABRERA JOSE FABER
1,pool2,CARLOS KYLE ADAM,D4,V5,GERONIMO DON REYZEL
1,pool2,TAN MICHAEL HIJO,D2,V5,ERGINA LEE EIGRAN
1,pool2,CABRERA JOSE FABER,V5,D2,MAYO MATT JACOB
1,pool2,ERGINA LEE EIGRAN,V5,D0,CARLOS KYLE ADAM
1,pool2,GERONIMO DON REYZEL,D3,V5,CABRERA JOSE FABER
1,pool2,TAN MICHAEL HIJO,D4,V5,MAYO MATT JACOB
1,pool2,CARLOS KYLE ADAM,D1,V5,CABRERA JOSE FABER
1,pool2,ERGINA LEE EIGRAN,V5,D1,MAYO MATT JACOB
1,pool2,TAN MICHAEL HIJO,V5,D2,GERONIMO DON REYZEL
1,pool3,BOO TRUE MALACHI,D3,V5,GATMAYTAN SAMUEL
1,pool3,DEVEZA LUIS INIGO,D3,V5,JACINTO LUCAS
1,pool3,DATOR ALLAN,D3,V5,GONZALES TIMOTHY DALE
1,pool3,JACINTO LUCAS,V5,D1,BOO TRUE MALACHI
1,pool3,GATMAYTAN SAMUEL,D2,V5,GONZALES TIMOTHY DALE
1,pool3,DATOR ALLAN,V5,D4,DEVEZA LUIS INIGO
1,pool3,BOO TRUE MALACHI,D2,V5,GONZALES TIMOTHY DALE
1,pool3,JACINTO LUCAS,V5,D3,DATOR ALLAN
1,pool3,DEVEZA LUIS INIGO,V5,D0,GATMAYTAN SAMUEL
1,pool3,DATOR ALLAN,V5,D2,BOO TRUE MALACHI
1,pool3,DEVEZA LUIS INIGO,D0,V5,GONZALES TIMOTHY DALE
1,pool3,GATMAYTAN SAMUEL,D3,V5,JACINTO LUCAS
1,pool3,BOO TRUE MALACHI,V5,D3,DEVEZA LUIS INIGO
1,pool3,DATOR ALLAN,D2,V5,GATMAYTAN SAMUEL
1,pool3,JACINTO LUCAS,D1,V5,GONZALES TIMOTHY DALE
1,pool4,ONG MARIXON,D0,V5,LAURON SEAN PATRICK
1,pool4,ESTEPA RODGE TRIONE,D4,V5,ESTEPA RODLEY FOURTH
1,pool4,RODRIGUEZ VINCE BENJAMIN,V5,D1,BERNAL KIETH MEANFRED
1,pool4,ESTEPA RODLEY FOURTH,V5,D3,ONG MARIXON
1,pool4,LAURON SEAN PATRICK,V5,D2,RODRIGUEZ VINCE BENJAMIN
1,pool4,BERNAL KIETH MEANFRED,D3,V5,ESTEPA RODGE TRIONE
1,pool4,ONG MARIXON,D1,V5,RODRIGUEZ VINCE BENJAMIN
1,pool4,ESTEPA RODLEY FOURTH,D1,V5,BERNAL KIETH MEANFRED
1,pool4,ESTEPA RODGE TRIONE,D3,V5,LAURON SEAN PATRICK
1,pool4,BERNAL KIETH MEANFRED,D4,V5,ONG MARIXON
1,pool4,RODRIGUEZ VINCE BENJAMIN,D4,V5,ESTEPA RODGE TRIONE
1,pool4,LAURON SEAN PATRICK,V5,D1,ESTEPA RODLEY FOURTH
1,pool4,ONG MARIXON,V5,D4,ESTEPA RODGE TRIONE
1,pool4,BERNAL KIETH MEANFRED,D1,V5,LAURON SEAN PATRICK
1,pool4,ESTEPA RODLEY FOURTH,D2,V5,RODRIGUEZ VINCE BENJAMIN
1,pool5,BAUTISTA JOSE LORENZO,V5,D3,ARIAS CALEB LEON
1,pool5,MUNOZ DEEN RAFAEL,V5,D4,MALINAO JOHN AGASTI
1,pool5,RAMOS JOHN DEXTER,V4,D3,GALE VON EUBERT
1,pool5,MALINAO JOHN AGASTI,V5,D0,BAUTISTA JOSE LORENZO
1,pool5,ARIAS CALEB LEON,D2,V5,RAMOS JOHN DEXTER
1,pool5,GALE VON EUBERT,V4,D3,MUNOZ DEEN RAFAEL
1,pool5,BAUTISTA JOSE LORENZO,D2,V5,RAMOS JOHN DEXTER
1,pool5,MALINAO JOHN AGASTI,D2,V5,GALE VON EUBERT
1,pool5,MUNOZ DEEN RAFAEL,V5,D3,ARIAS CALEB LEON
1,pool5,GALE VON EUBERT,V5,D3,BAUTISTA JOSE LORENZO
1,pool5,RAMOS JOHN DEXTER,V5,D2,MUNOZ DEEN RAFAEL
1,pool5,ARIAS CALEB LEON,D4,V5,MALINAO JOHN AGASTI
1,pool5,BAUTISTA JOSE LORENZO,D3,V5,MUNOZ DEEN RAFAEL
1,pool5,GALE VON EUBERT,V5,D1,ARIAS CALEB LEON
1,pool5,MALINAO JOHN AGASTI,D4,V5,RAMOS JOHN DEXTER
1,pool6,PUTIAN ADAM,D4,V5,GODBOUT JOSEPH ANTHONY
1,pool6,DELA CRUZ DOMINIQUE PAUL,V5,D2,BUNAGAN GABRIEL
1,pool6,ARIAS ANTHONY BERNARD,D4,V5,PUTIAN ADAM
1,pool6,GODBOUT JOSEPH ANTHONY,D3,V5,DELA CRUZ DOMINIQUE PAUL
1,pool6,ARIAS ANTHONY BERNARD,D3,V5,BUNAGAN GABRIEL
1,pool6,PUTIAN ADAM,V5,D0,DELA CRUZ DOMINIQUE PAUL
1,pool6,GODBOUT JOSEPH ANTHONY,V5,D2,ARIAS ANTHONY BERNARD
1,pool6,BUNAGAN GABRIEL,D2,V5,PUTIAN ADAM
1,pool6,DELA CRUZ DOMINIQUE PAUL,V5,D1,ARIAS ANTHONY BERNARD
1,pool6,BUNAGAN GABRIEL,D4,V5,GODBOUT JOSEPH ANTHONY
1,pool7,NUNEZ RAMON ANGELO GABRIEL,D1,V5,PANES KEN
1,pool7,MAMURIC JOSE ROBERTO,D3,V5,PEREZ REYNALDO JR
1,pool7,DIMAILIG CARLOS,V5,D2,FUENTES ENRICO GABRIEL
1,pool7,PEREZ REYNALDO JR,V5,D0,PANES KEN
1,pool7,NUNEZ RAMON ANGELO GABRIEL,D2,V5,DIMAILIG CARLOS
1,pool7,FUENTES ENRICO GABRIEL,V5,D2,MAMURIC JOSE ROBERTO
1,pool7,DIMAILIG CARLOS,V5,D4,PANES KEN
1,pool7,PEREZ REYNALDO JR,V5,D2,FUENTES ENRICO GABRIEL
1,pool7,MAMURIC JOSE ROBERTO,D4,V5,NUNEZ RAMON ANGELO GABRIEL
1,pool7,FUENTES ENRICO GABRIEL,V5,D2,PANES KEN
1,pool7,DIMAILIG CARLOS,V5,D3,MAMURIC JOSE ROBERTO
1,pool7,NUNEZ RAMON ANGELO GABRIEL,D1,V5,PEREZ REYNALDO JR
1,pool7,MAMURIC JOSE ROBERTO,D0,V5,PANES KEN
1,pool7,FUENTES ENRICO GABRIEL,V5,D2,NUNEZ RAMON ANGELO GABRIEL
1,pool7,PEREZ REYNALDO JR,V5,D1,DIMAILIG CARLOS
1,pool8,PERALTA SIDNEY DEMITRI,D1,V5,BUENTIPO JR. MEYNARDO EDWARD CARLO
1,pool8,THAI JOTHAM,D3,V5,PANGILINAN ABI FRANCE
1,pool8,HO CALIX ANDREAS,V5,D0,OCAMPO TAN ALLAN
1,pool8,PANGILINAN ABI FRANCE,D2,V3,PERALTA SIDNEY DEMITRI
1,pool8,BUENTIPO JR. MEYNARDO EDWARD CARLO,D2,V5,HO CALIX ANDREAS
1,pool8,OCAMPO TAN ALLAN,D4,V5,THAI JOTHAM
1,pool8,PERALTA SIDNEY DEMITRI,D4,V5,HO CALIX ANDREAS
1,pool8,PANGILINAN ABI FRANCE,V5,D4,OCAMPO TAN ALLAN
1,pool8,THAI JOTHAM,D3,V5,BUENTIPO JR. MEYNARDO EDWARD CARLO
1,pool8,OCAMPO TAN ALLAN,D3,V5,PERALTA SIDNEY DEMITRI
1,pool8,HO CALIX ANDREAS,V5,D1,THAI JOTHAM
1,pool8,BUENTIPO JR. MEYNARDO EDWARD CARLO,V5,D1,PANGILINAN ABI FRANCE
1,pool8,PERALTA SIDNEY DEMITRI,V5,D4,THAI JOTHAM
1,pool8,OCAMPO TAN ALLAN,D3,V5,BUENTIPO JR. MEYNARDO EDWARD CARLO
1,pool8,PANGILINAN ABI FRANCE,D1,V5,HO CALIX ANDREAS
1,pool9,BAUTISTA GABRIEL ANTONIO,D0,V5,ENCELAN RAMIL JR.
1,pool9,PABALAN BRIANNE KLYDE,D3,V5,CAPINA DUNHILL
1,pool9,ICASIANO AURELIO,D2,V5,SIN MAGNUS AURELIUS
1,pool9,CAPINA DUNHILL,V5,D3,BAUTISTA GABRIEL ANTONIO
1,pool9,ENCELAN RAMIL JR.,V5,D3,ICASIANO AURELIO
1,pool9,SIN MAGNUS AURELIUS,D4,V5,PABALAN BRIANNE KLYDE
1,pool9,BAUTISTA GABRIEL ANTONIO,V5,D3,ICASIANO AURELIO
1,pool9,CAPINA DUNHILL,V5,D2,SIN MAGNUS AURELIUS
1,pool9,PABALAN BRIANNE KLYDE,V5,D1,ENCELAN RAMIL JR.
1,pool9,SIN MAGNUS AURELIUS,V5,D3,BAUTISTA GABRIEL ANTONIO
1,pool9,ICASIANO AURELIO,D1,V5,PABALAN BRIANNE KLYDE
1,pool9,ENCELAN RAMIL JR.,D4,V5,CAPINA DUNHILL
1,pool9,BAUTISTA GABRIEL ANTONIO,D1,V5,PABALAN BRIANNE KLYDE
1,pool9,SIN MAGNUS AURELIUS,D1,V5,ENCELAN RAMIL JR.
1,pool9,CAPINA DUNHILL,V5,D1,ICASIANO AURELIO
1,pool10,TEE JACOB,D1,V5,BAUTISTA JIAN MIGUEL
1,pool10,SALALIMA RALPH NIELSEN,D2,V5,ENSAMTAN EDAN YAKOV
1,pool10,CANAVERAL JUDE KADMIEL,D3,V5,GALLANO RUZEL
1,pool10,ENSAMTAN EDAN YAKOV,V5,D4,TEE JACOB
1,pool10,BAUTISTA JIAN MIGUEL,V5,D1,CANAVERAL JUDE KADMIEL
1,pool10,GALLANO RUZEL,V5,D4,SALALIMA RALPH NIELSEN
1,pool10,TEE JACOB,V5,D2,CANAVERAL JUDE KADMIEL
1,pool10,ENSAMTAN EDAN YAKOV,D1,V5,GALLANO RUZEL
1,pool10,SALALIMA RALPH NIELSEN,D1,V5,BAUTISTA JIAN MIGUEL
1,pool10,GALLANO RUZEL,V5,D3,TEE JACOB
1,pool10,CANAVERAL JUDE KADMIEL,D4,V5,SALALIMA RALPH NIELSEN
1,pool10,BAUTISTA JIAN MIGUEL,V5,D3,ENSAMTAN EDAN YAKOV
1,pool10,TEE JACOB,D3,V5,SALALIMA RALPH NIELSEN
1,pool10,GALLANO RUZEL,D4,V5,BAUTISTA JIAN MIGUEL
1,pool10,ENSAMTAN EDAN YAKOV,V5,D0,CANAVERAL JUDE KADMIEL
1,pool11,DIVINAGRACIA JOAQUIN JIBRIL,D2,V5,MASANAGA RYUICHIRO
1,pool11,YANOS KHENETH,D4,V5,OBZUNAR AURELL FLORENCE
1,pool11,COMALING MICHAEL VER ANTON,D3,V5,MALVAR LORENZO MIGUEL
1,pool11,OBZUNAR AURELL FLORENCE,V5,D3,DIVINAGRACIA JOAQUIN JIBRIL
1,pool11,MASANAGA RYUICHIRO,V5,D3,COMALING MICHAEL VER ANTON
1,pool11,MALVAR LORENZO MIGUEL,V5,D1,YANOS KHENETH
1,pool11,DIVINAGRACIA JOAQUIN JIBRIL,D1,V5,COMALING MICHAEL VER ANTON
1,pool11,OBZUNAR AURELL FLORENCE,V4,D3,MALVAR LORENZO MIGUEL
1,pool11,YANOS KHENETH,V5,D4,MASANAGA RYUICHIRO
1,pool11,MALVAR LORENZO MIGUEL,V5,D0,DIVINAGRACIA JOAQUIN JIBRIL
1,pool11,COMALING MICHAEL VER ANTON,D3,V5,YANOS KHENETH
1,pool11,MASANAGA RYUICHIRO,D3,V5,OBZUNAR AURELL FLORENCE
1,pool11,DIVINAGRACIA JOAQUIN JIBRIL,D0,V5,YANOS KHENETH
1,pool11,MALVAR LORENZO MIGUEL,V5,D3,MASANAGA RYUICHIRO
1,pool11,OBZUNAR AURELL FLORENCE,V5,D3,COMALING MICHAEL VER ANTON
1,pool12,DEL CASTILLO OSCAR GABRIEL,V5,D1,GRAHAM CHRISTOPHER FRANCIS
1,pool12,BLANCH ALECSANDREI ETHAN,V5,D0,ANG SEAN TIMOTHY
1,pool12,DE SILOS JOAQUIN PABLO,D3,V5,ROMAN JESSLY REYAN
1,pool12,ANG SEAN TIMOTHY,D0,V5,DEL CASTILLO OSCAR GABRIEL
1,pool12,GRAHAM CHRISTOPHER FRANCIS,V5,D3,DE SILOS JOAQUIN PABLO
1,pool12,ROMAN JESSLY REYAN,V5,D4,BLANCH ALECSANDREI ETHAN
1,pool12,DEL CASTILLO OSCAR GABRIEL,V5,D3,DE SILOS JOAQUIN PABLO
1,pool12,ANG SEAN TIMOTHY,D3,V5,ROMAN JESSLY REYAN
1,pool12,BLANCH ALECSANDREI ETHAN,V5,D3,GRAHAM CHRISTOPHER FRANCIS
1,pool12,ROMAN JESSLY REYAN,V5,D4,DEL CASTILLO OSCAR GABRIEL
1,pool12,DE SILOS JOAQUIN PABLO,D3,V5,BLANCH ALECSANDREI ETHAN
1,pool12,GRAHAM CHRISTOPHER FRANCIS,D3,V4,ANG SEAN TIMOTHY
1,pool12,DEL CASTILLO OSCAR GABRIEL,V5,D1,BLANCH ALECSANDREI ETHAN
1,pool12,ROMAN JESSLY REYAN,V5,D4,GRAHAM CHRISTOPHER FRANCIS
1,pool12,ANG SEAN TIMOTHY,D4,V5,DE SILOS JOAQUIN PABLO
2,pool1,CARLOS KYLE ADAM,D1,V5,ANG SEAN TIMOTHY
2,pool1,BLANCH ALECSANDREI ETHAN,V5,D0,DE GUZMAN REYNALDO
2,pool1,FUENTES ENRICO GABRIEL,D2,V5,JOSE NOELITO JR.
2,pool1,DE GUZMAN REYNALDO,V5,D2,CARLOS KYLE ADAM
2,pool1,ANG SEAN TIMOTHY,D0,V5,FUENTES ENRICO GABRIEL
2,pool1,JOSE NOELITO JR.,V5,D3,BLANCH ALECSANDREI ETHAN
2,pool1,CARLOS KYLE ADAM,D1,V5,FUENTES ENRICO GABRIEL
2,pool1,DE GUZMAN REYNALDO,D0,V5,JOSE NOELITO JR.
2,pool1,BLANCH ALECSANDREI ETHAN,V5,D2,ANG SEAN TIMOTHY
2,pool1,JOSE NOELITO JR.,V5,D1,CARLOS KYLE ADAM
2,pool1,FUENTES ENRICO GABRIEL,V5,D4,BLANCH ALECSANDREI ETHAN
2,pool1,ANG SEAN TIMOTHY,D1,V2,DE GUZMAN REYNALDO
2,pool1,CARLOS KYLE ADAM,D3,V5,BLANCH ALECSANDREI ETHAN
2,pool1,JOSE NOELITO JR.,V5,D0,ANG SEAN TIMOTHY
2,pool1,DE GUZMAN REYNALDO,D1,V5,FUENTES ENRICO GABRIEL
2,pool2,NUNEZ RAMON ANGELO GABRIEL,D3,V5,ENSAMTAN EDAN YAKOV
2,pool2,RAMOS THADDEUS,D3,V5,ENCELAN RAMIL JR.
2,pool2,ERGINA LEE EIGRAN,V5,D1,BAUTISTA GABRIEL ANTONIO
2,pool2,ENCELAN RAMIL JR.,V5,D1,NUNEZ RAMON ANGELO GABRIEL
2,pool2,ENSAMTAN EDAN YAKOV,D4,V5,ERGINA LEE EIGRAN
2,pool2,BAUTISTA GABRIEL ANTONIO,D2,V5,RAMOS THADDEUS
2,pool2,NUNEZ RAMON ANGELO GABRIEL,D0,V5,ERGINA LEE EIGRAN
2,pool2,ENCELAN RAMIL JR.,V5,D3,BAUTISTA GABRIEL ANTONIO
2,pool2,RAMOS THADDEUS,D4,V5,ENSAMTAN EDAN YAKOV
2,pool2,BAUTISTA GABRIEL ANTONIO,V5,D1,NUNEZ RAMON ANGELO GABRIEL
2,pool2,ERGINA LEE EIGRAN,V5,D2,RAMOS THADDEUS
2,pool2,ENSAMTAN EDAN YAKOV,V5,D4,ENCELAN RAMIL JR.
2,pool2,NUNEZ RAMON ANGELO GABRIEL,V5,D2,RAMOS THADDEUS
2,pool2,BAUTISTA GABRIEL ANTONIO,D4,V5,ENSAMTAN EDAN YAKOV
2,pool2,ENCELAN RAMIL JR.,D0,V5,ERGINA LEE EIGRAN
2,pool3,SON DIEGO RAFAEL,D2,V5,GONZALES TIMOTHY DALE
2,pool3,BUGARING DENZEL KENT,D2,V5,ARIAS ANTHONY BERNARD
2,pool3,PERALTA SIDNEY DEMITRI,D4,V5,RODRIGUEZ VINCE BENJAMIN
2,pool3,ARIAS ANTHONY BERNARD,D4,V5,SON DIEGO RAFAEL
2,pool3,PERALTA SIDNEY DEMITRI,D3,V5,GONZALES TIMOTHY DALE
2,pool3,RODRIGUEZ VINCE BENJAMIN,V5,D4,BUGARING DENZEL KENT
2,pool3,SON DIEGO RAFAEL,D2,V5,PERALTA SIDNEY DEMITRI
2,pool3,ARIAS ANTHONY BERNARD,D3,V5,RODRIGUEZ VINCE BENJAMIN
2,pool3,BUGARING DENZEL KENT,D1,V5,GONZALES TIMOTHY DALE
2,pool3,RODRIGUEZ VINCE BENJAMIN,V5,D3,SON DIEGO RAFAEL
2,pool3,PERALTA SIDNEY DEMITRI,V5,D2,BUGARING DENZEL KENT
2,pool3,ARIAS ANTHONY BERNARD,D2,V5,GONZALES TIMOTHY DALE
2,pool3,SON DIEGO RAFAEL,V5,D4,BUGARING DENZEL KENT
2,pool3,RODRIGUEZ VINCE BENJAMIN,D2,V5,GONZALES TIMOTHY DALE
2,pool3,ARIAS ANTHONY BERNARD,D2,V5,PERALTA SIDNEY DEMITRI
2,pool4,IGARES DUSTIN,D0,V5,LAURON SEAN PATRICK
2,pool4,OCAMPO TAN ALLAN,D0,V5,PANES KEN
2,pool4,BERNAL KIETH MEANFRED,V4,D2,GODBOUT JOSEPH ANTHONY
2,pool4,IGARES DUSTIN,V5,D4,PANES KEN
2,pool4,LAURON SEAN PATRICK,V5,D0,BERNAL KIETH MEANFRED
2,pool4,GODBOUT JOSEPH ANTHONY,D2,V5,OCAMPO TAN ALLAN
2,pool4,IGARES DUSTIN,D1,V5,BERNAL KIETH MEANFRED
2,pool4,GODBOUT JOSEPH ANTHONY,V5,D2,PANES KEN
2,pool4,OCAMPO TAN ALLAN,D0,V5,LAURON SEAN PATRICK
2,pool4,GODBOUT JOSEPH ANTHONY,V5,D4,IGARES DUSTIN
2,pool4,BERNAL KIETH MEANFRED,D3,V5,OCAMPO TAN ALLAN
2,pool4,LAURON SEAN PATRICK,V5,D4,PANES KEN
2,pool4,IGARES DUSTIN,V5,D4,OCAMPO TAN ALLAN
2,pool4,GODBOUT JOSEPH ANTHONY,D4,V5,LAURON SEAN PATRICK
2,pool4,BERNAL KIETH MEANFRED,D2,V5,PANES KEN
2,pool5,CAPINA DUNHILL,V5,D0,DELA CRUZ DOMINIQUE PAUL
2,pool5,ARIAS CALEB LEON,D3,V5,GALLANO RUZEL
2,pool5,DE SILOS JOAQUIN PABLO,D1,V5,GUINTO YLLAC JAVIER
2,pool5,GALLANO RUZEL,D1,V5,CAPINA DUNHILL
2,pool5,DELA CRUZ DOMINIQUE PAUL,V5,D2,DE SILOS JOAQUIN PABLO
2,pool5,GUINTO YLLAC JAVIER,V5,D3,ARIAS CALEB LEON
2,pool5,CAPINA DUNHILL,V5,D2,DE SILOS JOAQUIN PABLO
2,pool5,GALLANO RUZEL,D3,V5,GUINTO YLLAC JAVIER
2,pool5,ARIAS CALEB LEON,D0,V5,DELA CRUZ DOMINIQUE PAUL
2,pool5,GUINTO YLLAC JAVIER,D3,V4,CAPINA DUNHILL
2,pool5,DE SILOS JOAQUIN PABLO,D4,V5,ARIAS CALEB LEON
2,pool5,DELA CRUZ DOMINIQUE PAUL,V5,D4,GALLANO RUZEL
2,pool5,CAPINA DUNHILL,V5,D2,ARIAS CALEB LEON
2,pool5,GUINTO YLLAC JAVIER,V4,D3,DELA CRUZ DOMINIQUE PAUL
2,pool5,GALLANO RUZEL,V5,D1,DE SILOS JOAQUIN PABLO
2,pool6,ICASIANO AURELIO,V5,D3,SINAY RUDDI OSBERT
2,pool6,BAUTISTA JIAN MIGUEL,V5,D2,GRAHAM CHRISTOPHER FRANCIS
2,pool6,PUTIAN ADAM,V5,D3,JACINTO LUCAS
2,pool6,GRAHAM CHRISTOPHER FRANCIS,V5,D4,ICASIANO AURELIO
2,pool6,PUTIAN ADAM,V5,D0,SINAY RUDDI OSBERT
2,pool6,JACINTO LUCAS,D1,V5,BAUTISTA JIAN MIGUEL
2,pool6,ICASIANO AURELIO,D3,V5,PUTIAN ADAM
2,pool6,GRAHAM CHRISTOPHER FRANCIS,V5,D4,JACINTO LUCAS
2,pool6,BAUTISTA JIAN MIGUEL,V5,D1,SINAY RUDDI OSBERT
2,pool6,JACINTO LUCAS,V5,D1,ICASIANO AURELIO
2,pool6,PUTIAN ADAM,D2,V5,BAUTISTA JIAN MIGUEL
2,pool6,GRAHAM CHRISTOPHER FRANCIS,D3,V5,SINAY RUDDI OSBERT
2,pool6,ICASIANO AURELIO,D1,V5,BAUTISTA JIAN MIGUEL
2,pool6,JACINTO LUCAS,D3,V5,SINAY RUDDI OSBERT
2,pool6,GRAHAM CHRISTOPHER FRANCIS,D1,V5,PUTIAN ADAM
2,pool7,CABRERA JOSE FABER,D3,V5,TEE JACOB
2,pool7,CONTADO ALJOR,V5,D1,MAMURIC JOSE ROBERTO
2,pool7,BUENTIPO JR. MEYNARDO EDWARD CARLO,V5,D0,MALINAO JOHN AGASTI
2,pool7,MAMURIC JOSE ROBERTO,D3,V5,CABRERA JOSE FABER
2,pool7,TEE JACOB,D1,V5,BUENTIPO JR. MEYNARDO EDWARD CARLO
2,pool7,MALINAO JOHN AGASTI,V5,D4,CONTADO ALJOR
2,pool7,CABRERA JOSE FABER,D4,V5,BUENTIPO JR. MEYNARDO EDWARD CARLO
2,pool7,MAMURIC JOSE ROBERTO,D2,V5,MALINAO JOHN AGASTI
2,pool7,CONTADO ALJOR,D4,V5,TEE JACOB
2,pool7,MALINAO JOHN AGASTI,V5,D3,CABRERA JOSE FABER
2,pool7,BUENTIPO JR. MEYNARDO EDWARD CARLO,D4,V5,CONTADO ALJOR
2,pool7,TEE JACOB,V5,D4,MAMURIC JOSE ROBERTO
2,pool7,CABRERA JOSE FABER,D2,V5,CONTADO ALJOR
2,pool7,MALINAO JOHN AGASTI,V5,D3,TEE JACOB
2,pool7,MAMURIC JOSE ROBERTO,D2,V5,BUENTIPO JR. MEYNARDO EDWARD CARLO
2,pool8,RAMOS JOHN DEXTER,V5,D1,GERONIMO DON REYZEL
2,pool8,DELA PAZ FRANCIS ANGELO,V5,D2,CORSIGA RAFAEL
2,pool8,MENDOZA JAIRUS,V5,D3,DIMAILIG CARLOS
2,pool8,CORSIGA RAFAEL,D3,V5,RAMOS JOHN DEXTER
2,pool8,GERONIMO DON REYZEL,V5,D2,MENDOZA JAIRUS
2,pool8,DIMAILIG CARLOS,D4,V5,DELA PAZ FRANCIS ANGELO
2,pool8,RAMOS JOHN DEXTER,V5,D2,MENDOZA JAIRUS
2,pool8,CORSIGA RAFAEL,V5,D3,DIMAILIG CARLOS
2,pool8,DELA PAZ FRANCIS ANGELO,D2,V5,GERONIMO DON REYZEL
2,pool8,DIMAILIG CARLOS,V5,D4,RAMOS JOHN DEXTER
2,pool8,MENDOZA JAIRUS,D2,V5,DELA PAZ FRANCIS ANGELO
2,pool8,GERONIMO DON REYZEL,V5,D2,CORSIGA RAFAEL
2,pool8,RAMOS JOHN DEXTER,V5,D3,DELA PAZ FRANCIS ANGELO
2,pool8,DIMAILIG CARLOS,V5,D4,GERONIMO DON REYZEL
2,pool8,CORSIGA RAFAEL,V5,D4,MENDOZA JAIRUS
2,pool9,DEL CASTILLO OSCAR GABRIEL,V5,D1,BUNAGAN GABRIEL
2,pool9,CHAN JOAQUIN BENITO,V5,D4,SESE JUANCHO MIGUEL
2,pool9,GALE VON EUBERT,V5,D2,DEL CASTILLO OSCAR GABRIEL
2,pool9,BUNAGAN GABRIEL,V5,D4,CHAN JOAQUIN BENITO
2,pool9,GALE VON EUBERT,D4,V5,SESE JUANCHO MIGUEL
2,pool9,DEL CASTILLO OSCAR GABRIEL,D2,V5,CHAN JOAQUIN BENITO
2,pool9,BUNAGAN GABRIEL,D4,V5,GALE VON EUBERT
2,pool9,SESE JUANCHO MIGUEL,D1,V5,DEL CASTILLO OSCAR GABRIEL
2,pool9,CHAN JOAQUIN BENITO,D4,V5,GALE VON EUBERT
2,pool9,SESE JUANCHO MIGUEL,V5,D4,BUNAGAN GABRIEL
2,pool10,DATOR ALLAN,D1,V5,PEREZ REYNALDO JR
2,pool10,PASCAL NICOLAS,V5,D4,DEVEZA LUIS INIGO
2,pool10,DATOR ALLAN,D2,V4,MAYO MATT JACOB
2,pool10,PEREZ REYNALDO JR,V5,D1,PASCAL NICOLAS
2,pool10,DEVEZA LUIS INIGO,D2,V5,MAYO MATT JACOB
2,pool10,DATOR ALLAN,V5,D4,PASCAL NICOLAS
2,pool10,PEREZ REYNALDO JR,V5,D2,MAYO MATT JACOB
2,pool10,DEVEZA LUIS INIGO,D3,V5,DATOR ALLAN
2,pool10,PASCAL NICOLAS,D3,V5,MAYO MATT JACOB
2,pool10,DEVEZA LUIS INIGO,D2,V5,PEREZ REYNALDO JR
2,pool11,GATMAYTAN SAMUEL,D3,V5,MALVAR LORENZO MIGUEL
2,pool11,PANGILINAN ABI FRANCE,V5,D4,SARMIENTO CHRISTIAN
2,pool11,HO CALIX ANDREAS,V5,D3,GATMAYTAN SAMUEL
2,pool11,MALVAR LORENZO MIGUEL,V5,D2,PANGILINAN ABI FRANCE
2,pool11,HO CALIX ANDREAS,V5,D3,SARMIENTO CHRISTIAN
2,pool11,GATMAYTAN SAMUEL,D1,V5,PANGILINAN ABI FRANCE
2,pool11,MALVAR LORENZO MIGUEL,V5,D3,HO CALIX ANDREAS
2,pool11,GATMAYTAN SAMUEL,D1,V5,SARMIENTO CHRISTIAN
2,pool11,PANGILINAN ABI FRANCE,D1,V5,HO CALIX ANDREAS
2,pool11,MALVAR LORENZO MIGUEL,D4,V5,SARMIENTO CHRISTIAN
2,pool12,BAROQUILLO FERDINAND,D2,V5,SALALIMA RALPH NIELSEN
2,pool12,ONG MARIXON,D2,V5,ROMAN JESSLY REYAN
2,pool12,OBZUNAR AURELL FLORENCE,V5,D1,BAROQUILLO FERDINAND
2,pool12,SALALIMA RALPH NIELSEN,D4,V5,ONG MARIXON
2,pool12,OBZUNAR AURELL FLORENCE,D2,V5,ROMAN JESSLY REYAN
2,pool12,BAROQUILLO FERDINAND,D1,V5,ONG MARIXON
2,pool12,SALALIMA RALPH NIELSEN,D1,V5,OBZUNAR AURELL FLORENCE
2,pool12,ROMAN JESSLY REYAN,V5,D1,BAROQUILLO FERDINAND
2,pool12,ONG MARIXON,D2,V5,OBZUNAR AURELL FLORENCE
2,pool12,ROMAN JESSLY REYAN,V5,D3,SALALIMA RALPH NIELSEN
3,pool1,GERONIMO DON REYZEL,D2,V5,JOSE NOELITO JR.
3,pool1,ICASIANO AURELIO,V5,D3,BAUTISTA GABRIEL ANTONIO
3,pool1,ESTEPA RODLEY FOURTH,D3,V5,PERALTA SIDNEY DEMITRI
3,pool1,BAUTISTA GABRIEL ANTONIO,D1,V5,GERONIMO DON REYZEL
3,pool1,JOSE NOELITO JR.,V5,D4,ESTEPA RODLEY FOURTH
3,pool1,PERALTA SIDNEY DEMITRI,V5,D2,ICASIANO AURELIO
3,pool1,GERONIMO DON REYZEL,V5,D4,ESTEPA RODLEY FOURTH
3,pool1,BAUTISTA GABRIEL ANTONIO,D2,V5,PERALTA SIDNEY DEMITRI
3,pool1,ICASIANO AURELIO,D2,V5,JOSE NOELITO JR.
3,pool1,PERALTA SIDNEY DEMITRI,D0,V5,GERONIMO DON REYZEL
3,pool1,ESTEPA RODLEY FOURTH,V5,D3,ICASIANO AURELIO
3,pool1,JOSE NOELITO JR.,V5,D0,BAUTISTA GABRIEL ANTONIO
3,pool1,GERONIMO DON REYZEL,V5,D1,ICASIANO AURELIO
3,pool1,PERALTA SIDNEY DEMITRI,D3,V5,JOSE NOELITO JR.
3,pool1,BAUTISTA GABRIEL ANTONIO,D1,V5,ESTEPA RODLEY FOURTH
3,pool2,ENCOMIENDA ERWIN ROMMEL,D1,V5,RAMOS THADDEUS
3,pool2,ERGINA LEE EIGRAN,V5,D3,MENDOZA JAIRUS
3,pool2,DELA CRUZ DOMINIQUE PAUL,V5,D3,CONTADO ALJOR
3,pool2,MENDOZA JAIRUS,V5,D3,ENCOMIENDA ERWIN ROMMEL
3,pool2,RAMOS THADDEUS,D3,V5,DELA CRUZ DOMINIQUE PAUL
3,pool2,CONTADO ALJOR,D3,V5,ERGINA LEE EIGRAN
3,pool2,ENCOMIENDA ERWIN ROMMEL,D1,V5,DELA CRUZ DOMINIQUE PAUL
3,pool2,MENDOZA JAIRUS,V5,D2,CONTADO ALJOR
3,pool2,ERGINA LEE EIGRAN,V5,D4,RAMOS THADDEUS
3,pool2,CONTADO ALJOR,V5,D2,ENCOMIENDA ERWIN ROMMEL
3,pool2,DELA CRUZ DOMINIQUE PAUL,D2,V5,ERGINA LEE EIGRAN
3,pool2,RAMOS THADDEUS,V5,D3,MENDOZA JAIRUS
3,pool2,ENCOMIENDA ERWIN ROMMEL,D0,V5,ERGINA LEE EIGRAN
3,pool2,CONTADO ALJOR,V5,D3,RAMOS THADDEUS
3,pool2,MENDOZA JAIRUS,D3,V4,DELA CRUZ DOMINIQUE PAUL
3,pool3,ARIAS ANTHONY BERNARD,D4,V5,BAUTISTA JOSE LORENZO
3,pool3,GALE VON EUBERT,D3,V5,GONZALES TIMOTHY DALE
3,pool3,ANG SEAN TIMOTHY,D3,V5,SARMIENTO CHRISTIAN
3,pool3,ARIAS ANTHONY BERNARD,D3,V5,GONZALES TIMOTHY DALE
3,pool3,BAUTISTA JOSE LORENZO,V5,D0,ANG SEAN TIMOTHY
3,pool3,GALE VON EUBERT,V5,D2,SARMIENTO CHRISTIAN
3,pool3,ARIAS ANTHONY BERNARD,V5,D3,ANG SEAN TIMOTHY
3,pool3,GONZALES TIMOTHY DALE,V5,D1,SARMIENTO CHRISTIAN
3,pool3,GALE VON EUBERT,V5,D3,BAUTISTA JOSE LORENZO
3,pool3,ARIAS ANTHONY BERNARD,V5,D2,SARMIENTO CHRISTIAN
3,pool3,ANG SEAN TIMOTHY,D2,V5,GALE VON EUBERT
3,pool3,BAUTISTA JOSE LORENZO,D2,V5,GONZALES TIMOTHY DALE
3,pool3,ARIAS ANTHONY BERNARD,D1,V5,GALE VON EUBERT
3,pool3,BAUTISTA JOSE LORENZO,D3,V5,SARMIENTO CHRISTIAN
3,pool3,ANG SEAN TIMOTHY,V5,D4,GONZALES TIMOTHY DALE
3,pool4,DEL CASTILLO OSCAR GABRIEL,V5,D1,BUGARING DENZEL KENT
3,pool4,LAURON SEAN PATRICK,V5,D3,SALALIMA RALPH NIELSEN
3,pool4,OBZUNAR AURELL FLORENCE,V5,D1,MARZAN PRINZ ROHAN
3,pool4,SALALIMA RALPH NIELSEN,D3,V5,DEL CASTILLO OSCAR GABRIEL
3,pool4,BUGARING DENZEL KENT,D1,V5,OBZUNAR AURELL FLORENCE
3,pool4,MARZAN PRINZ ROHAN,D2,V5,LAURON SEAN PATRICK
3,pool4,DEL CASTILLO OSCAR GABRIEL,V5,D3,OBZUNAR AURELL FLORENCE
3,pool4,SALALIMA RALPH NIELSEN,V5,D4,MARZAN PRINZ ROHAN
3,pool4,LAURON SEAN PATRICK,D2,V5,BUGARING DENZEL KENT
3,pool4,MARZAN PRINZ ROHAN,D4,V5,DEL CASTILLO OSCAR GABRIEL
3,pool4,OBZUNAR AURELL FLORENCE,D2,V5,LAURON SEAN PATRICK
3,pool4,BUGARING DENZEL KENT,D2,V5,SALALIMA RALPH NIELSEN
3,pool4,DEL CASTILLO OSCAR GABRIEL,D3,V4,LAURON SEAN PATRICK
3,pool4,MARZAN PRINZ ROHAN,D4,V5,BUGARING DENZEL KENT
3,pool4,SALALIMA RALPH NIELSEN,D3,V5,OBZUNAR AURELL FLORENCE
3,pool5,IGARES DUSTIN,V5,D4,ENSAMTAN EDAN YAKOV
3,pool5,ARIAS CALEB LEON,D3,V5,BAUTISTA JIAN MIGUEL
3,pool5,SESE JUANCHO MIGUEL,D3,V5,PEDIAPCO FRANCO ANTONINO
3,pool5,BAUTISTA JIAN MIGUEL,D3,V5,IGARES DUSTIN
3,pool5,ENSAMTAN EDAN YAKOV,V5,D4,PEDIAPCO FRANCO ANTONINO
3,pool5,SESE JUANCHO MIGUEL,V5,D2,ARIAS CALEB LEON
3,pool5,IGARES DUSTIN,D4,V5,PEDIAPCO FRANCO ANTONINO
3,pool5,BAUTISTA JIAN MIGUEL,V5,D2,SESE JUANCHO MIGUEL
3,pool5,ARIAS CALEB LEON,D3,V5,ENSAMTAN EDAN YAKOV
3,pool5,SESE JUANCHO MIGUEL,D0,V5,IGARES DUSTIN
3,pool5,ARIAS CALEB LEON,V5,D4,PEDIAPCO FRANCO ANTONINO
3,pool5,ENSAMTAN EDAN YAKOV,D2,V5,BAUTISTA JIAN MIGUEL
3,pool5,IGARES DUSTIN,V5,D4,ARIAS CALEB LEON
3,pool5,SESE JUANCHO MIGUEL,D1,V5,ENSAMTAN EDAN YAKOV
3,pool5,BAUTISTA JIAN MIGUEL,D0,V5,PEDIAPCO FRANCO ANTONINO
3,pool6,SINAY RUDDI OSBERT,V5,D4,DATOR ALLAN
3,pool6,GATMAYTAN SAMUEL,D3,V5,CAPINA DUNHILL
3,pool6,ROMAN JESSLY REYAN,V5,D1,FRANCISCO MARK ANGELO
3,pool6,CAPINA DUNHILL,D2,V5,SINAY RUDDI OSBERT
3,pool6,DATOR ALLAN,D1,V5,ROMAN JESSLY REYAN
3,pool6,FRANCISCO MARK ANGELO,D4,V5,GATMAYTAN SAMUEL
3,pool6,SINAY RUDDI OSBERT,D2,V5,ROMAN JESSLY REYAN
3,pool6,CAPINA DUNHILL,V4,D3,FRANCISCO MARK ANGELO
3,pool6,GATMAYTAN SAMUEL,D4,V5,DATOR ALLAN
3,pool6,FRANCISCO MARK ANGELO,D2,V5,SINAY RUDDI OSBERT
3,pool6,ROMAN JESSLY REYAN,D3,V5,GATMAYTAN SAMUEL
3,pool6,DATOR ALLAN,D3,V5,CAPINA DUNHILL
3,pool6,SINAY RUDDI OSBERT,V5,D4,GATMAYTAN SAMUEL
3,pool6,FRANCISCO MARK ANGELO,D3,V5,DATOR ALLAN
3,pool6,CAPINA DUNHILL,D3,V5,ROMAN JESSLY REYAN
3,pool7,FUENTES ENRICO GABRIEL,V5,D0,GRAHAM CHRISTOPHER FRANCIS
3,pool7,BUNAGAN GABRIEL,D3,V5,DE SILOS JOAQUIN PABLO
3,pool7,ENCELAN RAMIL JR.,V5,D1,BAMBRICK CURTIS
3,pool7,DE SILOS JOAQUIN PABLO,D1,V5,FUENTES ENRICO GABRIEL
3,pool7,GRAHAM CHRISTOPHER FRANCIS,D4,V5,ENCELAN RAMIL JR.
3,pool7,BAMBRICK CURTIS,D0,V5,BUNAGAN GABRIEL
3,pool7,FUENTES ENRICO GABRIEL,D4,V5,ENCELAN RAMIL JR.
3,pool7,DE SILOS JOAQUIN PABLO,V5,D0,BAMBRICK CURTIS
3,pool7,BUNAGAN GABRIEL,V5,D2,GRAHAM CHRISTOPHER FRANCIS
3,pool7,BAMBRICK CURTIS,D1,V5,FUENTES ENRICO GABRIEL
3,pool7,ENCELAN RAMIL JR.,V5,D2,BUNAGAN GABRIEL
3,pool7,GRAHAM CHRISTOPHER FRANCIS,V5,D2,DE SILOS JOAQUIN PABLO
3,pool7,FUENTES ENRICO GABRIEL,V5,D2,BUNAGAN GABRIEL
3,pool7,BAMBRICK CURTIS,D2,V5,GRAHAM CHRISTOPHER FRANCIS
3,pool7,DE SILOS JOAQUIN PABLO,D1,V5,ENCELAN RAMIL JR.
3,pool8,HO CALIX ANDREAS,V5,D3,OCAMPO TAN ALLAN
3,pool8,LARGO ZEBASTIAN ISAIAH,V5,D1,GUTIERREZ RONAN PAOLO
3,pool8,GALLANO RUZEL,V5,D0,MAYO MATT JACOB
3,pool8,GUTIERREZ RONAN PAOLO,D3,V5,HO CALIX ANDREAS
3,pool8,OCAMPO TAN ALLAN,D3,V5,GALLANO RUZEL
3,pool8,LARGO ZEBASTIAN ISAIAH,D3,V5,MAYO MATT JACOB
3,pool8,HO CALIX ANDREAS,V5,D2,GALLANO RUZEL
3,pool8,GUTIERREZ RONAN PAOLO,D0,V5,MAYO MATT JACOB
3,pool8,LARGO ZEBASTIAN ISAIAH,V5,D4,OCAMPO TAN ALLAN
3,pool8,HO CALIX ANDREAS,D4,V5,MAYO MATT JACOB
3,pool8,GALLANO RUZEL,V5,D4,LARGO ZEBASTIAN ISAIAH
3,pool8,OCAMPO TAN ALLAN,V5,D0,GUTIERREZ RONAN PAOLO
3,pool8,HO CALIX ANDREAS,V5,D4,LARGO ZEBASTIAN ISAIAH
3,pool8,OCAMPO TAN ALLAN,D0,V5,MAYO MATT JACOB
3,pool8,GUTIERREZ RONAN PAOLO,D0,V5,GALLANO RUZEL
3,pool9,MALVAR LORENZO MIGUEL,D4,V5,PUTIAN ADAM
3,pool9,PEREZ REYNALDO JR,V5,D2,SUMICION MARCO ANTONIO
3,pool9,MASANAGA RYUICHIRO,V5,D1,PANES KEN
3,pool9,SUMICION MARCO ANTONIO,D4,V5,MALVAR LORENZO MIGUEL
3,pool9,PUTIAN ADAM,D2,V5,PANES KEN
3,pool9,MASANAGA RYUICHIRO,D0,V5,PEREZ REYNALDO JR
3,pool9,MALVAR LORENZO MIGUEL,V5,D2,PANES KEN
3,pool9,SUMICION MARCO ANTONIO,D4,V5,MASANAGA RYUICHIRO
3,pool9,PEREZ REYNALDO JR,V5,D2,PUTIAN ADAM
3,pool9,MASANAGA RYUICHIRO,V5,D2,MALVAR LORENZO MIGUEL
3,pool9,PEREZ REYNALDO JR,V5,D2,PANES KEN
3,pool9,PUTIAN ADAM,V3,D2,SUMICION MARCO ANTONIO
3,pool9,MALVAR LORENZO MIGUEL,D2,V5,PEREZ REYNALDO JR
3,pool9,MASANAGA RYUICHIRO,D4,V5,PUTIAN ADAM
3,pool9,SUMICION MARCO ANTONIO,D1,V5,PANES KEN
3,pool10,ESTEPA RODGE TRIONE,D3,V5,MALINAO JOHN AGASTI
3,pool10,PANGILINAN ABI FRANCE,D2,V5,BUENTIPO JR. MEYNARDO EDWARD CARLO
3,pool10,RODRIGUEZ VINCE BENJAMIN,D2,V5,ESTEPA RODGE TRIONE
3,pool10,MALINAO JOHN AGASTI,V2,D0,PANGILINAN ABI FRANCE
3,pool10,RODRIGUEZ VINCE BENJAMIN,D2,V5,BUENTIPO JR. MEYNARDO EDWARD CARLO
3,pool10,ESTEPA RODGE TRIONE,D2,V5,PANGILINAN ABI FRANCE
3,pool10,MALINAO JOHN AGASTI,V5,D0,RODRIGUEZ VINCE BENJAMIN
3,pool10,BUENTIPO JR. MEYNARDO EDWARD CARLO,V5,D4,ESTEPA RODGE TRIONE
3,pool10,PANGILINAN ABI FRANCE,D2,V4,RODRIGUEZ VINCE BENJAMIN
3,pool10,BUENTIPO JR. MEYNARDO EDWARD CARLO,V5,D3,MALINAO JOHN AGASTI
3,pool11,RAMOS JOHN DEXTER,V5,D2,TEE JACOB
3,pool11,ONG MARIXON,D1,V5,MUNOZ DEEN RAFAEL
3,pool11,GUINTO YLLAC JAVIER,V5,D2,RAMOS JOHN DEXTER
3,pool11,TEE JACOB,D4,V5,ONG MARIXON
3,pool11,GUINTO YLLAC JAVIER,V2,D1,MUNOZ DEEN RAFAEL
3,pool11,RAMOS JOHN DEXTER,V5,D1,ONG MARIXON
3,pool11,TEE JACOB,D0,V5,GUINTO YLLAC JAVIER
3,pool11,MUNOZ DEEN RAFAEL,V5,D4,RAMOS JOHN DEXTER
3,pool11,ONG MARIXON,D3,V5,GUINTO YLLAC JAVIER
3,pool11,MUNOZ DEEN RAFAEL,V5,D2,TEE JACOB
4,pool1,PANGILINAN ABI FRANCE,V5,D4,ONG MARIXON
4,pool1,MALINAO JOHN AGASTI,V5,D3,ENCOMIENDA ERWIN ROMMEL
4,pool1,JOSE NOELITO JR.,V5,D1,MAYO MATT JACOB
4,pool1,ENCOMIENDA ERWIN ROMMEL,D2,V5,PANGILINAN ABI FRANCE
4,pool1,ONG MARIXON,D2,V5,MAYO MATT JACOB
4,pool1,JOSE NOELITO JR.,V5,D1,MALINAO JOHN AGASTI
4,pool1,PANGILINAN ABI FRANCE,V5,D1,MAYO MATT JACOB
4,pool1,ENCOMIENDA ERWIN ROMMEL,D0,V5,JOSE NOELITO JR.
4,pool1,MALINAO JOHN AGASTI,V5,D2,ONG MARIXON
4,pool1,JOSE NOELITO JR.,V5,D0,PANGILINAN ABI FRANCE
4,pool1,MALINAO JOHN AGASTI,D4,V5,MAYO MATT JACOB
4,pool1,ONG MARIXON,V5,D1,ENCOMIENDA ERWIN ROMMEL
4,pool1,PANGILINAN ABI FRANCE,D1,V5,MALINAO JOHN AGASTI
4,pool1,JOSE NOELITO JR.,V5,D1,ONG MARIXON
4,pool1,ENCOMIENDA ERWIN ROMMEL,D2,V5,MAYO MATT JACOB
4,pool2,ERGINA LEE EIGRAN,V5,D1,IGARES DUSTIN
4,pool2,RODRIGUEZ VINCE BENJAMIN,V5,D1,DE SILOS JOAQUIN PABLO
4,pool2,MASANAGA RYUICHIRO,V5,D3,DE LUSONG JR MARK ANTHONY
4,pool2,DE SILOS JOAQUIN PABLO,D0,V5,ERGINA LEE EIGRAN
4,pool2,IGARES DUSTIN,D4,V5,MASANAGA RYUICHIRO
4,pool2,DE LUSONG JR MARK ANTHONY,D3,V5,RODRIGUEZ VINCE BENJAMIN
4,pool2,ERGINA LEE EIGRAN,D4,V5,MASANAGA RYUICHIRO
4,pool2,DE SILOS JOAQUIN PABLO,V5,D2,DE LUSONG JR MARK ANTHONY
4,pool2,RODRIGUEZ VINCE BENJAMIN,V5,D4,IGARES DUSTIN
4,pool2,DE LUSONG JR MARK ANTHONY,D0,V5,ERGINA LEE EIGRAN
4,pool2,MASANAGA RYUICHIRO,V5,D3,RODRIGUEZ VINCE BENJAMIN
4,pool2,IGARES DUSTIN,V5,D4,DE SILOS JOAQUIN PABLO
4,pool2,ERGINA LEE EIGRAN,V5,D4,RODRIGUEZ VINCE BENJAMIN
4,pool2,DE LUSONG JR MARK ANTHONY,D3,V5,IGARES DUSTIN
4,pool2,DE SILOS JOAQUIN PABLO,D2,V5,MASANAGA RYUICHIRO
4,pool3,GERONIMO DON REYZEL,D2,V5,PUTIAN ADAM
4,pool3,DATOR ALLAN,V5,D2,BUGARING DENZEL KENT
4,pool3,BLANCH ALECSANDREI ETHAN,D3,V5,GONZALES TIMOTHY DALE
4,pool3,BUGARING DENZEL KENT,V5,D4,GERONIMO DON REYZEL
4,pool3,PUTIAN ADAM,V5,D4,BLANCH ALECSANDREI ETHAN
4,pool3,DATOR ALLAN,D0,V5,GONZALES TIMOTHY DALE
4,pool3,GERONIMO DON REYZEL,V5,D3,BLANCH ALECSANDREI ETHAN
4,pool3,BUGARING DENZEL KENT,D3,V5,GONZALES TIMOTHY DALE
4,pool3,DATOR ALLAN,D3,V5,PUTIAN ADAM
4,pool3,GERONIMO DON REYZEL,D2,V5,GONZALES TIMOTHY DALE
4,pool3,BLANCH ALECSANDREI ETHAN,D4,V5,DATOR ALLAN
4,pool3,PUTIAN ADAM,V5,D1,BUGARING DENZEL KENT
4,pool3,GERONIMO DON REYZEL,V5,D4,DATOR ALLAN
4,pool3,PUTIAN ADAM,D3,V5,GONZALES TIMOTHY DALE
4,pool3,BUGARING DENZEL KENT,D2,V5,BLANCH ALECSANDREI ETHAN
4,pool4,DELA CRUZ ARDHY,D1,V5,BAUTISTA JOSE LORENZO
4,pool4,OCAMPO TAN ALLAN,V5,D2,GRAHAM CHRISTOPHER FRANCIS
4,pool4,BUENTIPO JR. MEYNARDO EDWARD CARLO,D2,V5,LAURON SEAN PATRICK
4,pool4,GRAHAM CHRISTOPHER FRANCIS,V5,D1,DELA CRUZ ARDHY
4,pool4,BAUTISTA JOSE LORENZO,V5,D4,BUENTIPO JR. MEYNARDO EDWARD CARLO
4,pool4,LAURON SEAN PATRICK,V5,D3,OCAMPO TAN ALLAN
4,pool4,DELA CRUZ ARDHY,D2,V5,BUENTIPO JR. MEYNARDO EDWARD CARLO
4,pool4,GRAHAM CHRISTOPHER FRANCIS,D2,V5,LAURON SEAN PATRICK
4,pool4,OCAMPO TAN ALLAN,D2,V5,BAUTISTA JOSE LORENZO
4,pool4,LAURON SEAN PATRICK,V5,D2,DELA CRUZ ARDHY
4,pool4,BUENTIPO JR. MEYNARDO EDWARD CARLO,V5,D4,OCAMPO TAN ALLAN
4,pool4,BAUTISTA JOSE LORENZO,V4,D2,GRAHAM CHRISTOPHER FRANCIS
4,pool4,DELA CRUZ ARDHY,D1,V5,OCAMPO TAN ALLAN
4,pool4,LAURON SEAN PATRICK,V5,D2,BAUTISTA JOSE LORENZO
4,pool4,GRAHAM CHRISTOPHER FRANCIS,D3,V5,BUENTIPO JR. MEYNARDO EDWARD CARLO
4,pool5,PEREZ REYNALDO JR,V5,D3,MUNOZ DEEN RAFAEL
4,pool5,ARIAS ANTHONY BERNARD,V5,D2,ANG SEAN TIMOTHY
4,pool5,MAMURIC II JOSE ROBERTO S.,D2,V5,RAMOS JOHN DEXTER
4,pool5,ANG SEAN TIMOTHY,D3,V5,PEREZ REYNALDO JR
4,pool5,MUNOZ DEEN RAFAEL,V5,D1,MAMURIC II JOSE ROBERTO S.
4,pool5,RAMOS JOHN DEXTER,V3,D2,ARIAS ANTHONY BERNARD
4,pool5,PEREZ REYNALDO JR,V5,D0,MAMURIC II JOSE ROBERTO S.
4,pool5,ANG SEAN TIMOTHY,D3,V5,RAMOS JOHN DEXTER
4,pool5,ARIAS ANTHONY BERNARD,D3,V5,MUNOZ DEEN RAFAEL
4,pool5,RAMOS JOHN DEXTER,V5,D3,PEREZ REYNALDO JR
4,pool5,MAMURIC II JOSE ROBERTO S.,V5,D4,ARIAS ANTHONY BERNARD
4,pool5,MUNOZ DEEN RAFAEL,V5,D3,ANG SEAN TIMOTHY
4,pool5,PEREZ REYNALDO JR,V5,D4,ARIAS ANTHONY BERNARD
4,pool5,RAMOS JOHN DEXTER,V5,D2,MUNOZ DEEN RAFAEL
4,pool5,ANG SEAN TIMOTHY,D4,V5,MAMURIC II JOSE ROBERTO S.
4,pool6,BUNAGAN GABRIEL,D0,V5,BAUTISTA JIAN MIGUEL
4,pool6,ARIAS CALEB LEON,V5,D4,BAROQUILLO FERDINAND
4,pool6,GALE VON EUBERT,D3,V5,ESTEPA RODLEY FOURTH
4,pool6,BAROQUILLO FERDINAND,D4,V5,BUNAGAN GABRIEL
4,pool6,BAUTISTA JIAN MIGUEL,V5,D4,GALE VON EUBERT
4,pool6,ESTEPA RODLEY FOURTH,V5,D2,ARIAS CALEB LEON
4,pool6,BUNAGAN GABRIEL,D4,V5,GALE VON EUBERT
4,pool6,BAROQUILLO FERDINAND,D3,V5,ESTEPA RODLEY FOURTH
4,pool6,ARIAS CALEB LEON,D3,V5,BAUTISTA JIAN MIGUEL
4,pool6,ESTEPA RODLEY FOURTH,D4,V5,BUNAGAN GABRIEL
4,pool6,GALE VON EUBERT,V5,D1,ARIAS CALEB LEON
4,pool6,BAUTISTA JIAN MIGUEL,V5,D0,BAROQUILLO FERDINAND
4,pool6,BUNAGAN GABRIEL,V5,D4,ARIAS CALEB LEON
4,pool6,ESTEPA RODLEY FOURTH,D1,V5,BAUTISTA JIAN MIGUEL
4,pool6,BAROQUILLO FERDINAND,D2,V5,GALE VON EUBERT
4,pool7,HO CALIX ANDREAS,V5,D2,MENDOZA JAIRUS
4,pool7,BARRIENTOS JOHN PAUL,D1,V5,ICASIANO AURELIO
4,pool7,GALLANO RUZEL,D2,V5,PANES KEN
4,pool7,ICASIANO AURELIO,D1,V5,HO CALIX ANDREAS
4,pool7,MENDOZA JAIRUS,D0,V5,PANES KEN
4,pool7,GALLANO RUZEL,V5,D2,BARRIENTOS JOHN PAUL
4,pool7,HO CALIX ANDREAS,V5,D3,PANES KEN
4,pool7,ICASIANO AURELIO,V5,D3,GALLANO RUZEL
4,pool7,BARRIENTOS JOHN PAUL,D0,V5,MENDOZA JAIRUS
4,pool7,GALLANO RUZEL,D4,V5,HO CALIX ANDREAS
4,pool7,BARRIENTOS JOHN PAUL,D0,V5,PANES KEN
4,pool7,MENDOZA JAIRUS,D3,V5,ICASIANO AURELIO
4,pool7,HO CALIX ANDREAS,V5,D1,BARRIENTOS JOHN PAUL
4,pool7,GALLANO RUZEL,V5,D3,MENDOZA JAIRUS
4,pool7,ICASIANO AURELIO,D1,V5,PANES KEN
4,pool8,DEL CASTILLO OSCAR GABRIEL,V5,D3,TEE JACOB
4,pool8,PABALAN BRIANNE KLYDE,D0,V5,SARMIENTO CHRISTIAN
4,pool8,RAMOS THADDEUS,D3,V5,ENCELAN RAMIL JR.
4,pool8,PABALAN BRIANNE KLYDE,D3,V5,DEL CASTILLO OSCAR GABRIEL
4,pool8,TEE JACOB,V5,D3,RAMOS THADDEUS
4,pool8,ENCELAN RAMIL JR.,V5,D2,SARMIENTO CHRISTIAN
4,pool8,DEL CASTILLO OSCAR GABRIEL,V5,D3,RAMOS THADDEUS
4,pool8,PABALAN BRIANNE KLYDE,V5,D4,ENCELAN RAMIL JR.
4,pool8,TEE JACOB,D1,V5,SARMIENTO CHRISTIAN
4,pool8,ENCELAN RAMIL JR.,D2,V5,DEL CASTILLO OSCAR GABRIEL
4,pool8,RAMOS THADDEUS,D3,V5,SARMIENTO CHRISTIAN
4,pool8,TEE JACOB,D2,V5,PABALAN BRIANNE KLYDE
4,pool8,DEL CASTILLO OSCAR GABRIEL,V5,D3,SARMIENTO CHRISTIAN
4,pool8,ENCELAN RAMIL JR.,V4,D2,TEE JACOB
4,pool8,PABALAN BRIANNE KLYDE,D3,V5,RAMOS THADDEUS
4,pool9,CAPINA DUNHILL,D2,V5,ROMAN JESSLY REYAN
4,pool9,MAMURIC JOSE SR,D0,V5,CONTADO ALJOR
4,pool9,ENSAMTAN EDAN YAKOV,V5,D0,SESE JUANCHO MIGUEL
4,pool9,CONTADO ALJOR,V5,D3,CAPINA DUNHILL
4,pool9,ROMAN JESSLY REYAN,D3,V5,ENSAMTAN EDAN YAKOV
4,pool9,SESE JUANCHO MIGUEL,V5,D1,MAMURIC JOSE SR
4,pool9,CAPINA DUNHILL,D2,V3,ENSAMTAN EDAN YAKOV
4,pool9,CONTADO ALJOR,V5,D1,SESE JUANCHO MIGUEL
4,pool9,MAMURIC JOSE SR,D0,V5,ROMAN JESSLY REYAN
4,pool9,SESE JUANCHO MIGUEL,D3,V5,CAPINA DUNHILL
4,pool9,ENSAMTAN EDAN YAKOV,V5,D0,MAMURIC JOSE SR
4,pool9,ROMAN JESSLY REYAN,D4,V5,CONTADO ALJOR
4,pool9,CAPINA DUNHILL,V5,D3,MAMURIC JOSE SR
4,pool9,SESE JUANCHO MIGUEL,D2,V5,ROMAN JESSLY REYAN
4,pool9,CONTADO ALJOR,D4,V5,ENSAMTAN EDAN YAKOV
4,pool10,GUINTO YLLAC JAVIER,D4,V5,SINAY RUDDI OSBERT
4,pool10,PERALTA SIDNEY DEMITRI,V5,D1,BAUTISTA GABRIEL ANTONIO
4,pool10,FUENTES ENRICO GABRIEL,V4,D3,GUINTO YLLAC JAVIER
4,pool10,SINAY RUDDI OSBERT,D1,V5,PERALTA SIDNEY DEMITRI
4,pool10,FUENTES ENRICO GABRIEL,V5,D2,BAUTISTA GABRIEL ANTONIO
4,pool10,GUINTO YLLAC JAVIER,D3,V4,PERALTA SIDNEY DEMITRI
4,pool10,SINAY RUDDI OSBERT,D2,V5,FUENTES ENRICO GABRIEL
4,pool10,BAUTISTA GABRIEL ANTONIO,D0,V5,GUINTO YLLAC JAVIER
4,pool10,PERALTA SIDNEY DEMITRI,D4,V5,FUENTES ENRICO GABRIEL
4,pool10,BAUTISTA GABRIEL ANTONIO,D4,V5,SINAY RUDDI OSBERT
5,pool1,ERGINA LEE EIGRAN,V5,D0,ARIAS CALEB LEON
5,pool1,MUNOZ DEEN RAFAEL,V5,D2,PANES KEN
5,pool1,RAMOS JOHN DEXTER,D4,V5,MIRANDA IAN HEINZ
5,pool1,ERGINA LEE EIGRAN,V5,D2,PANES KEN
5,pool1,ARIAS CALEB LEON,V5,D3,RAMOS JOHN DEXTER
5,pool1,MIRANDA IAN HEINZ,V5,D2,MUNOZ DEEN RAFAEL
5,pool1,ERGINA LEE EIGRAN,V4,D3,RAMOS JOHN DEXTER
5,pool1,MIRANDA IAN HEINZ,D4,V5,PANES KEN
5,pool1,MUNOZ DEEN RAFAEL,V5,D2,ARIAS CALEB LEON
5,pool1,MIRANDA IAN HEINZ,D3,V5,ERGINA LEE EIGRAN
5,pool1,RAMOS JOHN DEXTER,V4,D3,MUNOZ DEEN RAFAEL
5,pool1,ARIAS CALEB LEON,D4,V5,PANES KEN
5,pool1,ERGINA LEE EIGRAN,D4,V5,MUNOZ DEEN RAFAEL
5,pool1,MIRANDA IAN HEINZ,V5,D3,ARIAS CALEB LEON
5,pool1,RAMOS JOHN DEXTER,V5,D3,PANES KEN
5,pool2,MALVAR LORENZO MIGUEL,V4,D3,BAUTISTA JOSE LORENZO
5,pool2,GALLANO RUZEL,V5,D4,GONZALES TIMOTHY DALE
5,pool2,ASERON JOSE GABRIEL,D3,V4,ANDRINO GILBERT
5,pool2,MALVAR LORENZO MIGUEL,D3,V5,GONZALES TIMOTHY DALE
5,pool2,BAUTISTA JOSE LORENZO,V5,D3,ASERON JOSE GABRIEL
5,pool2,ANDRINO GILBERT,D3,V5,GALLANO RUZEL
5,pool2,MALVAR LORENZO MIGUEL,V5,D2,ASERON JOSE GABRIEL
5,pool2,ANDRINO GILBERT,D2,V5,GONZALES TIMOTHY DALE
5,pool2,GALLANO RUZEL,V5,D3,BAUTISTA JOSE LORENZO
5,pool2,ANDRINO GILBERT,D2,V5,MALVAR LORENZO MIGUEL
5,pool2,ASERON JOSE GABRIEL,D3,V5,GALLANO RUZEL
5,pool2,BAUTISTA JOSE LORENZO,D4,V5,GONZALES TIMOTHY DALE
5,pool2,MALVAR LORENZO MIGUEL,D4,V5,GALLANO RUZEL
5,pool2,ANDRINO GILBERT,D3,V5,BAUTISTA JOSE LORENZO
5,pool2,ASERON JOSE GABRIEL,V5,D2,GONZALES TIMOTHY DALE
5,pool3,CAPINA DUNHILL,V5,D3,GERONIMO DON REYZEL
5,pool3,RODRIGUEZ VINCE BENJAMIN,D4,V5,MENDOZA JAIRUS
5,pool3,BUGARING DENZEL KENT,D3,V5,LAURON SEAN PATRICK
5,pool3,MENDOZA JAIRUS,V5,D3,CAPINA DUNHILL
5,pool3,GERONIMO DON REYZEL,V5,D4,BUGARING DENZEL KENT
5,pool3,LAURON SEAN PATRICK,V5,D2,RODRIGUEZ VINCE BENJAMIN
5,pool3,CAPINA DUNHILL,V4,D3,BUGARING DENZEL KENT
5,pool3,MENDOZA JAIRUS,D2,V5,LAURON SEAN PATRICK
5,pool3,RODRIGUEZ VINCE BENJAMIN,D4,V5,GERONIMO DON REYZEL
5,pool3,LAURON SEAN PATRICK,V5,D3,CAPINA DUNHILL
5,pool3,BUGARING DENZEL KENT,D1,V5,RODRIGUEZ VINCE BENJAMIN
5,pool3,GERONIMO DON REYZEL,V5,D2,MENDOZA JAIRUS
5,pool3,CAPINA DUNHILL,V5,D4,RODRIGUEZ VINCE BENJAMIN
5,pool3,LAURON SEAN PATRICK,D1,V5,GERONIMO DON REYZEL
5,pool3,MENDOZA JAIRUS,V5,D1,BUGARING DENZEL KENT
5,pool4,ARIAS ANTHONY BERNARD,V5,D3,PERALTA SIDNEY DEMITRI
5,pool4,BUNAGAN GABRIEL,D2,V5,BAUTISTA JIAN MIGUEL
5,pool4,GODBOUT JOSEPH ANTHONY,D2,V5,MAYO MATT JACOB
5,pool4,BAUTISTA JIAN MIGUEL,V5,D3,ARIAS ANTHONY BERNARD
5,pool4,PERALTA SIDNEY DEMITRI,D4,V5,MAYO MATT JACOB
5,pool4,GODBOUT JOSEPH ANTHONY,V5,D3,BUNAGAN GABRIEL
5,pool4,ARIAS ANTHONY BERNARD,D2,V5,MAYO MATT JACOB
5,pool4,BAUTISTA JIAN MIGUEL,V5,D3,GODBOUT JOSEPH ANTHONY
5,pool4,BUNAGAN GABRIEL,V5,D1,PERALTA SIDNEY DEMITRI
5,pool4,GODBOUT JOSEPH ANTHONY,V5,D1,ARIAS ANTHONY BERNARD
5,pool4,BUNAGAN GABRIEL,V4,D3,MAYO MATT JACOB
5,pool4,PERALTA SIDNEY DEMITRI,D1,V5,BAUTISTA JIAN MIGUEL
5,pool4,ARIAS ANTHONY BERNARD,V5,D4,BUNAGAN GABRIEL
5,pool4,GODBOUT JOSEPH ANTHONY,V5,D2,PERALTA SIDNEY DEMITRI
5,pool4,BAUTISTA JIAN MIGUEL,V5,D2,MAYO MATT JACOB
5,pool5,SESE JUANCHO MIGUEL,D0,V5,ROYERAS EDEL
5,pool5,DE SILOS JOAQUIN PABLO,D2,V5,DEL CASTILLO OSCAR GABRIEL
5,pool5,PURISIMA ALDWIN TROY,V5,D2,SALIPONG KEVIN CARLOS
5,pool5,DEL CASTILLO OSCAR GABRIEL,V5,D2,SESE JUANCHO MIGUEL
5,pool5,ROYERAS EDEL,V5,D1,PURISIMA ALDWIN TROY
5,pool5,SALIPONG KEVIN CARLOS,D0,V5,DE SILOS JOAQUIN PABLO
5,pool5,SESE JUANCHO MIGUEL,D3,V5,PURISIMA ALDWIN TROY
5,pool5,DEL CASTILLO OSCAR GABRIEL,V5,D0,SALIPONG KEVIN CARLOS
5,pool5,DE SILOS JOAQUIN PABLO,D3,V5,ROYERAS EDEL
5,pool5,SALIPONG KEVIN CARLOS,D1,V5,SESE JUANCHO MIGUEL
5,pool5,PURISIMA ALDWIN TROY,D3,V5,DE SILOS JOAQUIN PABLO
5,pool5,ROYERAS EDEL,D3,V5,DEL CASTILLO OSCAR GABRIEL
5,pool5,SESE JUANCHO MIGUEL,V5,D2,DE SILOS JOAQUIN PABLO
5,pool5,SALIPONG KEVIN CARLOS,D3,V5,ROYERAS EDEL
5,pool5,DEL CASTILLO OSCAR GABRIEL,V5,D2,PURISIMA ALDWIN TROY
5,pool6,FUENTES ENRICO GABRIEL,D4,V5,SUMICION MARCO ANTONIO
5,pool6,VILOS KYLLE ALDRICH,V5,D1,CONTADO ALJOR
5,pool6,GRAHAM CHRISTOPHER FRANCIS,D1,V5,BLANCH ALECSANDREI ETHAN
5,pool6,CONTADO ALJOR,D1,V5,FUENTES ENRICO GABRIEL
5,pool6,SUMICION MARCO ANTONIO,D3,V4,GRAHAM CHRISTOPHER FRANCIS
5,pool6,BLANCH ALECSANDREI ETHAN,V4,D3,VILOS KYLLE ALDRICH
5,pool6,FUENTES ENRICO GABRIEL,V5,D3,GRAHAM CHRISTOPHER FRANCIS
5,pool6,CONTADO ALJOR,V5,D1,BLANCH ALECSANDREI ETHAN
5,pool6,VILOS KYLLE ALDRICH,V5,D4,SUMICION MARCO ANTONIO
5,pool6,BLANCH ALECSANDREI ETHAN,V5,D4,FUENTES ENRICO GABRIEL
5,pool6,GRAHAM CHRISTOPHER FRANCIS,D2,V5,VILOS KYLLE ALDRICH
5,pool6,SUMICION MARCO ANTONIO,D2,V5,CONTADO ALJOR
5,pool6,FUENTES ENRICO GABRIEL,V5,D4,VILOS KYLLE ALDRICH
5,pool6,BLANCH ALECSANDREI ETHAN,V4,D3,SUMICION MARCO ANTONIO
5,pool6,CONTADO ALJOR,D4,V5,GRAHAM CHRISTOPHER FRANCIS
5,pool7,ENSAMTAN EDAN YAKOV,V5,D2,SINAY RUDDI OSBERT
5,pool7,MALINAO JOHN AGASTI,V5,D1,ALERTA JOEB
5,pool7,DATOR ALLAN,V5,D3,CASTILLO RENZO VAN JORDZ
5,pool7,ALERTA JOEB,D2,V3,ENSAMTAN EDAN YAKOV
5,pool7,SINAY RUDDI OSBERT,V5,D4,DATOR ALLAN
5,pool7,CASTILLO RENZO VAN JORDZ,D1,V5,MALINAO JOHN AGASTI
5,pool7,ENSAMTAN EDAN YAKOV,D3,V5,DATOR ALLAN
5,pool7,ALERTA JOEB,V5,D0,CASTILLO RENZO VAN JORDZ
5,pool7,MALINAO JOHN AGASTI,D1,V4,SINAY RUDDI OSBERT
5,pool7,CASTILLO RENZO VAN JORDZ,D2,V5,ENSAMTAN EDAN YAKOV
5,pool7,DATOR ALLAN,D0,V5,MALINAO JOHN AGASTI
5,pool7,SINAY RUDDI OSBERT,V5,D4,ALERTA JOEB
5,pool7,ENSAMTAN EDAN YAKOV,V3,D1,MALINAO JOHN AGASTI
5,pool7,CASTILLO RENZO VAN JORDZ,D2,V5,SINAY RUDDI OSBERT
5,pool7,ALERTA JOEB,V5,D3,DATOR ALLAN
5,pool8,HO CALIX ANDREAS,D4,V5,IGARES DUSTIN
5,pool8,ROMAN JESSLY REYAN,V5,D1,GUINTO YLLAC JAVIER
5,pool8,TEE JACOB,D1,V5,HO CALIX ANDREAS
5,pool8,IGARES DUSTIN,V5,D4,ROMAN JESSLY REYAN
5,pool8,TEE JACOB,D1,V5,GUINTO YLLAC JAVIER
5,pool8,HO CALIX ANDREAS,V5,D4,ROMAN JESSLY REYAN
5,pool8,IGARES DUSTIN,D4,V5,TEE JACOB
5,pool8,GUINTO YLLAC JAVIER,D4,V5,HO CALIX ANDREAS
5,pool8,ROMAN JESSLY REYAN,V5,D1,TEE JACOB
5,pool8,GUINTO YLLAC JAVIER,D1,V5,IGARES DUSTIN
