Leg,Round,Right Fencer,Left Fencer,Score,Winner
1,Table of 64,JOSE NOELITO JR.,- BYE -,,JOSE NOELITO JR.
1,Table of 64,PERALTA SIDNEY DEMITRI,SESE JUANCHO MIGUEL,"15 - 7
Ref JAVINAR ELVIELYN PHI",PERALTA SIDNEY DEMITRI
1,Table of 64,GALE VON EUBERT,BUNAGAN GABRIEL,"15 - 8
Ref HARRISON ASHLEY MAE MICHELLE NTP / PHI",GALE VON EUBERT
1,Table of 64,COMALING MICHAEL VER ANTON,BUENTIPO JR. MEYNARDO EDWARD CARLO,"15 - 10
Ref GAJON JOHN MICHAEL PHI",BUENTIPO JR. MEYNARDO EDWARD CARLO
1,Table of 64,RAMOS JOHN DEXTER,BUGARING DENZEL KENT,"15 - 6
Ref DELOS SANTOS JAYMI NTP / PHI",RAMOS JOHN DEXTER
1,Table of 64,SIN MAGNUS AURELIUS,GODBOUT JOSEPH ANTHONY,"15 - 5
Ref ABELLA HANNIEL NTP / PHI",GODBOUT JOSEPH ANTHONY
1,Table of 64,RODRIGUEZ VINCE BENJAMIN,DATOR ALLAN,"15 - 14
Ref CURIBA DOLLY MAE PHI",RODRIGUEZ VINCE BENJAMIN
1,Table of 64,MAYO MATT JACOB,CAPINA DUNHILL,"12 - 11
Ref GONZALES JOJERENE UP / PHI",MAYO MATT JACOB
1,Table of 64,GONZALES TIMOTHY DALE,- BYE -,,GONZALES TIMOTHY DALE
1,Table of 64,PANES KEN,YANOS KHENETH,"15 - 3
Ref LARRAZABAL ALEXA NTP / PHI",PANES KEN
1,Table of 64,LARGO ZEBASTIAN ISAIAH,PANGILINAN ABI FRANCE,"15 - 13
Ref VALENA MALCOLM PHI",LARGO ZEBASTIAN ISAIAH
1,Table of 64,DE SILOS JOAQUIN PABLO,ERGINA LEE EIGRAN,"15 - 4
Ref CABAERO RAVEN PHI",ERGINA LEE EIGRAN
1,Table of 64,DEL CASTILLO OSCAR GABRIEL,TEE JACOB,"15 - 2
Ref MARAVILLA REMI RF / PHI",DEL CASTILLO OSCAR GABRIEL
1,Table of 64,GERONIMO DON REYZEL,DIMAILIG CARLOS,"15 - 11
Ref LOZADA WILHELMINA NTP / PHI",DIMAILIG CARLOS
1,Table of 64,FUENTES ENRICO GABRIEL,MASANAGA RYUICHIRO,"15 - 10
Ref ABELLA HANNIEL NTP / PHI",FUENTES ENRICO GABRIEL
1,Table of 64,- BYE -,HO CALIX ANDREAS,,HO CALIX ANDREAS
1,Table of 64,LAURON SEAN PATRICK,- BYE -,,LAURON SEAN PATRICK
1,Table of 64,TAN MICHAEL HIJO,ENSAMTAN EDAN YAKOV,"15 - 14
Ref DELOS SANTOS JAYMI NTP / PHI",ENSAMTAN EDAN YAKOV
1,Table of 64,JACINTO LUCAS,ESTEPA RODLEY FOURTH,"15 - 14
Ref LARRAZABAL ALEXA NTP / PHI",ESTEPA RODLEY FOURTH
1,Table of 64,GRAHAM CHRISTOPHER FRANCIS,MALVAR LORENZO MIGUEL,"15 - 9
Ref HARRISON ASHLEY MAE MICHELLE NTP / PHI",MALVAR LORENZO MIGUEL
1,Table of 64,ROMAN JESSLY REYAN,BERNAL KIETH MEANFRED,15 - 9,ROMAN JESSLY REYAN
1,Table of 64,GATMAYTAN SAMUEL,PUTIAN ADAM,15 - 9,PUTIAN ADAM
1,Table of 64,BLANCH ALECSANDREI ETHAN,ESTEPA RODGE TRIONE,"15 - 13
Ref GONZALES JOJERENE UP / PHI",BLANCH ALECSANDREI ETHAN
1,Table of 64,BAUTISTA JOSE LORENZO,BAUTISTA JIAN MIGUEL,"15 - 7
Ref JAVINAR ELVIELYN PHI",BAUTISTA JIAN MIGUEL
1,Table of 64,CABRERA JOSE FABER,BOO TRUE MALACHI,"15 - 7
Ref GAJON JOHN MICHAEL PHI",CABRERA JOSE FABER
1,Table of 64,MENDOZA JAIRUS,ENCELAN RAMIL JR.,"15 - 9
Ref HARRISON ASHLEY MAE MICHELLE NTP / PHI",ENCELAN RAMIL JR.
1,Table of 64,DELA CRUZ DOMINIQUE PAUL,SALALIMA RALPH NIELSEN,"15 - 5
Ref LARRAZABAL ALEXA NTP / PHI",DELA CRUZ DOMINIQUE PAUL
1,Table of 64,THAI JOTHAM,OBZUNAR AURELL FLORENCE,"15 - 9
Ref GONZALES JOJERENE UP / PHI",OBZUNAR AURELL FLORENCE
1,Table of 64,PABALAN BRIANNE KLYDE,DEVEZA LUIS INIGO,"15 - 12
Ref DELOS SANTOS JAYMI NTP / PHI",PABALAN BRIANNE KLYDE
1,Table of 64,ONG MARIXON,GALLANO RUZEL,"15 - 7
Ref JAVINAR ELVIELYN PHI",GALLANO RUZEL
1,Table of 64,MUNOZ DEEN RAFAEL,MALINAO JOHN AGASTI,"15 - 14
Ref MARAVILLA REMI RF / PHI",MUNOZ DEEN RAFAEL
1,Table of 64,- BYE -,PEREZ REYNALDO JR,,PEREZ REYNALDO JR
1,Table of 32,JOSE NOELITO JR.,PERALTA SIDNEY DEMITRI,"15 - 6
Ref JAVINAR ELVIELYN PHI
1:25 PM",JOSE NOELITO JR.
1,Table of 32,GALE VON EUBERT,BUENTIPO JR. MEYNARDO EDWARD CARLO,"15 - 10
Ref GAJON JOHN MICHAEL PHI
1:31 PM",GALE VON EUBERT
1,Table of 32,RAMOS JOHN DEXTER,GODBOUT JOSEPH ANTHONY,"9 - 8
Ref HARRISON ASHLEY MAE MICHELLE NTP / PHI
1:29 PM",RAMOS JOHN DEXTER
1,Table of 32,RODRIGUEZ VINCE BENJAMIN,MAYO MATT JACOB,"15 - 14
Ref GONZALES JOJERENE UP / PHI
1:36 PM",MAYO MATT JACOB
1,Table of 32,GONZALES TIMOTHY DALE,PANES KEN,"15 - 8
Ref CURIBA DOLLY MAE PHI
1:29 PM",GONZALES TIMOTHY DALE
1,Table of 32,LARGO ZEBASTIAN ISAIAH,ERGINA LEE EIGRAN,"15 - 1
Ref LARRAZABAL ALEXA NTP / PHI
1:51 PM",ERGINA LEE EIGRAN
1,Table of 32,DEL CASTILLO OSCAR GABRIEL,DIMAILIG CARLOS,"15 - 11
Ref ABELLA HANNIEL NTP / PHI
1:44 PM",DEL CASTILLO OSCAR GABRIEL
1,Table of 32,FUENTES ENRICO GABRIEL,HO CALIX ANDREAS,"15 - 6
Ref DELOS SANTOS JAYMI NTP / PHI
1:49 PM",HO CALIX ANDREAS
1,Table of 32,LAURON SEAN PATRICK,ENSAMTAN EDAN YAKOV,"15 - 10
Ref VALENA MALCOLM PHI
1:54 PM",LAURON SEAN PATRICK
1,Table of 32,ESTEPA RODLEY FOURTH,MALVAR LORENZO MIGUEL,"15 - 14
Ref LARRAZABAL ALEXA NTP / PHI
1:51 PM",MALVAR LORENZO MIGUEL
1,Table of 32,ROMAN JESSLY REYAN,PUTIAN ADAM,"15 - 10
Ref HARRISON ASHLEY MAE MICHELLE NTP / PHI
2:36 PM",ROMAN JESSLY REYAN
1,Table of 32,BLANCH ALECSANDREI ETHAN,BAUTISTA JIAN MIGUEL,"15 - 6
Ref DELOS SANTOS JAYMI NTP / PHI
2:37 PM",BAUTISTA JIAN MIGUEL
1,Table of 32,CABRERA JOSE FABER,ENCELAN RAMIL JR.,"15 - 8
Ref ABELLA HANNIEL NTP / PHI
2:36 PM",CABRERA JOSE FABER
1,Table of 32,DELA CRUZ DOMINIQUE PAUL,OBZUNAR AURELL FLORENCE,"14 - 13
Ref CABAERO RAVEN PHI
2:41 PM",OBZUNAR AURELL FLORENCE
1,Table of 32,PABALAN BRIANNE KLYDE,GALLANO RUZEL,"15 - 12
Ref MARAVILLA REMI RF / PHI
2:47 PM",GALLANO RUZEL
1,Table of 32,MUNOZ DEEN RAFAEL,PEREZ REYNALDO JR,"Opponent excluded
Ref LOZADA WILHELMINA NTP / PHI
2:48 PM",PEREZ REYNALDO JR
1,Table of 16,JOSE NOELITO JR.,GALE VON EUBERT,"15 - 5
3:07 PM",JOSE NOELITO JR.
1,Table of 16,RAMOS JOHN DEXTER,MAYO MATT JACOB,"15 - 8
Ref LARRAZABAL ALEXA NTP / PHI
3:15 PM",RAMOS JOHN DEXTER
1,Table of 16,GONZALES TIMOTHY DALE,ERGINA LEE EIGRAN,"12 - 11
Ref ABELLA HANNIEL NTP / PHI
3:12 PM",ERGINA LEE EIGRAN
1,Table of 16,DEL CASTILLO OSCAR GABRIEL,HO CALIX ANDREAS,"15 - 12
Ref DELOS SANTOS JAYMI NTP / PHI
3:18 PM",DEL CASTILLO OSCAR GABRIEL
1,Table of 16,LAURON SEAN PATRICK,MALVAR LORENZO MIGUEL,"15 - 5
Ref DELOS SANTOS JAYMI NTP / PHI
3:35 PM",LAURON SEAN PATRICK
1,Table of 16,ROMAN JESSLY REYAN,BAUTISTA JIAN MIGUEL,"15 - 13
Ref HARRISON ASHLEY MAE MICHELLE NTP / PHI
3:33 PM",BAUTISTA JIAN MIGUEL
1,Table of 16,CABRERA JOSE FABER,OBZUNAR AURELL FLORENCE,"15 - 12
Ref ABELLA HANNIEL NTP / PHI
3:45 PM",CABRERA JOSE FABER
1,Table of 16,GALLANO RUZEL,PEREZ REYNALDO JR,"15 - 12
Ref LARRAZABAL ALEXA NTP / PHI
3:42 PM",GALLANO RUZEL
1,Table of 8,JOSE NOELITO JR.,RAMOS JOHN DEXTER,"15 - 9
Ref DELOS SANTOS JAYMI NTP / PHI
4:08 PM",JOSE NOELITO JR.
1,Table of 8,ERGINA LEE EIGRAN,DEL CASTILLO OSCAR GABRIEL,"15 - 9
Ref HARRISON ASHLEY MAE MICHELLE NTP / PHI
4:24 PM",ERGINA LEE EIGRAN
1,Table of 8,LAURON SEAN PATRICK,BAUTISTA JIAN MIGUEL,"15 - 9
Ref ABELLA HANNIEL NTP / PHI
4:41 PM",LAURON SEAN PATRICK
1,Table of 8,CABRERA JOSE FABER,GALLANO RUZEL,"15 - 14
Ref LARRAZABAL ALEXA NTP / PHI
4:57 PM",GALLANO RUZEL
1,Semi-Finals,JOSE NOELITO JR.,ERGINA LEE EIGRAN,"15 - 7
Ref ABELLA HANNIEL NTP / PHI
Video HARRISON ASHLEY MAE MICHELLE NTP / PHI
5:21 PM",JOSE NOELITO JR.
1,Semi-Finals,LAURON SEAN PATRICK,GALLANO RUZEL,"10 - 9
Ref DELOS SANTOS JAYMI NTP / PHI
5:22 PM",LAURON SEAN PATRICK
1,Finals,JOSE NOELITO JR.,LAURON SEAN PATRICK,"15 - 14
Ref ABELLA HANNIEL NTP / PHI
6:12 PM",LAURON SEAN PATRICK
2,Table of 64,JOSE NOELITO JR.,- BYE -,,JOSE NOELITO JR.
2,Table of 64,ONG MARIXON,DEL CASTILLO OSCAR GABRIEL,"15 - 5
Ref LIM JAMES LIMUEL UE / PHI",DEL CASTILLO OSCAR GABRIEL
2,Table of 64,OBZUNAR AURELL FLORENCE,DE GUZMAN REYNALDO,"15 - 6
Ref DAYRO JOHN PAUL UP / PHI",OBZUNAR AURELL FLORENCE
2,Table of 64,SALALIMA RALPH NIELSEN,MALINAO JOHN AGASTI,"15 - 11
Ref CABAERO ROBERT YGNATIUS UE / PHI",MALINAO JOHN AGASTI
2,Table of 64,BUENTIPO JR. MEYNARDO EDWARD CARLO,- BYE -,,BUENTIPO JR. MEYNARDO EDWARD CARLO
2,Table of 64,BERNAL KIETH MEANFRED,PERALTA SIDNEY DEMITRI,"15 - 14
Ref DEL ROSARIO CLICHELLEYN PHI",PERALTA SIDNEY DEMITRI
2,Table of 64,GERONIMO DON REYZEL,DIMAILIG CARLOS,"15 - 9
Ref CABAERO RAVEN PHI",GERONIMO DON REYZEL
2,Table of 64,- BYE -,ROMAN JESSLY REYAN,,ROMAN JESSLY REYAN
2,Table of 64,CAPINA DUNHILL,- BYE -,,CAPINA DUNHILL
2,Table of 64,PANES KEN,ENCELAN RAMIL JR.,"15 - 14
Ref CURIBA DOLLY MAE PHI",ENCELAN RAMIL JR.
2,Table of 64,MAYO MATT JACOB,OCAMPO TAN ALLAN,"15 - 6
Ref FELIPE SHAWN NICOLLEI NTP / PHI",MAYO MATT JACOB
2,Table of 64,CABRERA JOSE FABER,PUTIAN ADAM,"15 - 14
Ref CABAERO ROBERT YGNATIUS UE / PHI",CABRERA JOSE FABER
2,Table of 64,GUINTO YLLAC JAVIER,JACINTO LUCAS,"15 - 6
Ref LIM JAMES LIMUEL UE / PHI",GUINTO YLLAC JAVIER
2,Table of 64,GRAHAM CHRISTOPHER FRANCIS,GALE VON EUBERT,"15 - 11
Ref GAJON JOHN MICHAEL PHI",GALE VON EUBERT
2,Table of 64,TEE JACOB,DATOR ALLAN,"15 - 6
Ref CURIBA DOLLY MAE PHI",DATOR ALLAN
2,Table of 64,- BYE -,LAURON SEAN PATRICK,,LAURON SEAN PATRICK
2,Table of 64,BAUTISTA JIAN MIGUEL,- BYE -,,BAUTISTA JIAN MIGUEL
2,Table of 64,SESE JUANCHO MIGUEL,CHAN JOAQUIN BENITO,"15 - 14
Ref DEL ROSARIO CLICHELLEYN PHI",SESE JUANCHO MIGUEL
2,Table of 64,HO CALIX ANDREAS,SINAY RUDDI OSBERT,"15 - 5
Ref CABAERO RAVEN PHI",HO CALIX ANDREAS
2,Table of 64,PASCAL NICOLAS,ENSAMTAN EDAN YAKOV,"15 - 5
Ref FELIPE SHAWN NICOLLEI NTP / PHI",ENSAMTAN EDAN YAKOV
2,Table of 64,RAMOS JOHN DEXTER,ARIAS ANTHONY BERNARD,"15 - 5
Ref GAJON JOHN MICHAEL PHI",RAMOS JOHN DEXTER
2,Table of 64,SON DIEGO RAFAEL,BLANCH ALECSANDREI ETHAN,"15 - 12
Ref DEL ROSARIO CLICHELLEYN PHI",BLANCH ALECSANDREI ETHAN
2,Table of 64,DELA PAZ FRANCIS ANGELO,GALLANO RUZEL,"15 - 11
Ref CURIBA DOLLY MAE PHI",GALLANO RUZEL
2,Table of 64,- BYE -,GONZALES TIMOTHY DALE,,GONZALES TIMOTHY DALE
2,Table of 64,PEREZ REYNALDO JR,- BYE -,,PEREZ REYNALDO JR
2,Table of 64,GODBOUT JOSEPH ANTHONY,DELA CRUZ DOMINIQUE PAUL,"15 - 13
Ref CABAERO ROBERT YGNATIUS UE / PHI",DELA CRUZ DOMINIQUE PAUL
2,Table of 64,CONTADO ALJOR,CORSIGA RAFAEL,"15 - 11
Ref CABAERO RAVEN PHI",CONTADO ALJOR
2,Table of 64,RAMOS THADDEUS,FUENTES ENRICO GABRIEL,"15 - 7
Ref FELIPE SHAWN NICOLLEI NTP / PHI",FUENTES ENRICO GABRIEL
2,Table of 64,RODRIGUEZ VINCE BENJAMIN,BUNAGAN GABRIEL,"15 - 11
Ref LIM JAMES LIMUEL UE / PHI",BUNAGAN GABRIEL
2,Table of 64,IGARES DUSTIN,MALVAR LORENZO MIGUEL,"15 - 9
Ref FELIPE SHAWN NICOLLEI NTP / PHI",MALVAR LORENZO MIGUEL
2,Table of 64,SARMIENTO CHRISTIAN,PANGILINAN ABI FRANCE,"15 - 9
Ref DAYRO JOHN PAUL UP / PHI",SARMIENTO CHRISTIAN
2,Table of 64,- BYE -,ERGINA LEE EIGRAN,,ERGINA LEE EIGRAN
2,Table of 32,JOSE NOELITO JR.,DEL CASTILLO OSCAR GABRIEL,"15 - 5
Ref LIM JAMES LIMUEL UE / PHI
1:07 PM",JOSE NOELITO JR.
2,Table of 32,OBZUNAR AURELL FLORENCE,MALINAO JOHN AGASTI,"10 - 9
Ref CURIBA DOLLY MAE PHI
1:15 PM",MALINAO JOHN AGASTI
2,Table of 32,BUENTIPO JR. MEYNARDO EDWARD CARLO,PERALTA SIDNEY DEMITRI,"15 - 8
Ref DEL ROSARIO CLICHELLEYN PHI
1:21 PM",BUENTIPO JR. MEYNARDO EDWARD CARLO
2,Table of 32,GERONIMO DON REYZEL,ROMAN JESSLY REYAN,"15 - 9
Ref FELIPE SHAWN NICOLLEI NTP / PHI
1:19 PM",ROMAN JESSLY REYAN
2,Table of 32,CAPINA DUNHILL,ENCELAN RAMIL JR.,"15 - 11
Ref GAJON JOHN MICHAEL PHI
1:23 PM",ENCELAN RAMIL JR.
2,Table of 32,MAYO MATT JACOB,CABRERA JOSE FABER,"Opponent withdrew (medical)
1:42 PM",MAYO MATT JACOB
2,Table of 32,GUINTO YLLAC JAVIER,GALE VON EUBERT,"13 - 11
Ref DAYRO JOHN PAUL UP / PHI
1:43 PM",GUINTO YLLAC JAVIER
2,Table of 32,DATOR ALLAN,LAURON SEAN PATRICK,"15 - 7
Ref CABAERO ROBERT YGNATIUS UE / PHI
1:31 PM",LAURON SEAN PATRICK
2,Table of 32,BAUTISTA JIAN MIGUEL,SESE JUANCHO MIGUEL,"15 - 10
Ref LIM JAMES LIMUEL UE / PHI
1:31 PM",BAUTISTA JIAN MIGUEL
2,Table of 32,HO CALIX ANDREAS,ENSAMTAN EDAN YAKOV,"15 - 13
Ref FELIPE SHAWN NICOLLEI NTP / PHI
1:36 PM",HO CALIX ANDREAS
2,Table of 32,RAMOS JOHN DEXTER,BLANCH ALECSANDREI ETHAN,"15 - 13
Ref CURIBA DOLLY MAE PHI
1:58 PM",RAMOS JOHN DEXTER
2,Table of 32,GALLANO RUZEL,GONZALES TIMOTHY DALE,"15 - 12
Ref GAJON JOHN MICHAEL PHI
1:56 PM",GONZALES TIMOTHY DALE
2,Table of 32,PEREZ REYNALDO JR,DELA CRUZ DOMINIQUE PAUL,"15 - 7
Ref DEL ROSARIO CLICHELLEYN PHI
2:02 PM",PEREZ REYNALDO JR
2,Table of 32,CONTADO ALJOR,FUENTES ENRICO GABRIEL,"15 - 13
Ref CABAERO RAVEN PHI
2:01 PM",FUENTES ENRICO GABRIEL
2,Table of 32,BUNAGAN GABRIEL,MALVAR LORENZO MIGUEL,"15 - 8
Ref CABAERO ROBERT YGNATIUS UE / PHI
2:00 PM",MALVAR LORENZO MIGUEL
2,Table of 32,SARMIENTO CHRISTIAN,ERGINA LEE EIGRAN,"15 - 9
Ref DAYRO JOHN PAUL UP / PHI
2:06 PM",ERGINA LEE EIGRAN
2,Table of 16,JOSE NOELITO JR.,MALINAO JOHN AGASTI,"15 - 4
Ref GAJON JOHN MICHAEL PHI
2:30 PM",JOSE NOELITO JR.
2,Table of 16,BUENTIPO JR. MEYNARDO EDWARD CARLO,ROMAN JESSLY REYAN,"15 - 13
Ref CABAERO ROBERT YGNATIUS UE / PHI
2:25 PM",ROMAN JESSLY REYAN
2,Table of 16,ENCELAN RAMIL JR.,MAYO MATT JACOB,"15 - 12
Ref DAYRO JOHN PAUL UP / PHI
2:32 PM",MAYO MATT JACOB
2,Table of 16,GUINTO YLLAC JAVIER,LAURON SEAN PATRICK,"15 - 4
Ref CURIBA DOLLY MAE PHI
2:34 PM",LAURON SEAN PATRICK
2,Table of 16,BAUTISTA JIAN MIGUEL,HO CALIX ANDREAS,"15 - 13
Ref CABAERO RAVEN PHI
2:45 PM",BAUTISTA JIAN MIGUEL
2,Table of 16,RAMOS JOHN DEXTER,GONZALES TIMOTHY DALE,"15 - 13
Ref FELIPE SHAWN NICOLLEI NTP / PHI
2:53 PM",GONZALES TIMOTHY DALE
2,Table of 16,PEREZ REYNALDO JR,FUENTES ENRICO GABRIEL,"15 - 13
Ref DEL ROSARIO CLICHELLEYN PHI
2:56 PM",FUENTES ENRICO GABRIEL
2,Table of 16,MALVAR LORENZO MIGUEL,ERGINA LEE EIGRAN,"15 - 4
Ref LIM JAMES LIMUEL UE / PHI
2:55 PM",ERGINA LEE EIGRAN
2,Table of 8,JOSE NOELITO JR.,ROMAN JESSLY REYAN,"15 - 5
Ref DAYRO JOHN PAUL UP / PHI
3:22 PM",JOSE NOELITO JR.
2,Table of 8,MAYO MATT JACOB,LAURON SEAN PATRICK,"15 - 8
Ref CURIBA DOLLY MAE PHI
3:19 PM",LAURON SEAN PATRICK
2,Table of 8,BAUTISTA JIAN MIGUEL,GONZALES TIMOTHY DALE,"15 - 10
Ref DEL ROSARIO CLICHELLEYN PHI
3:18 PM",BAUTISTA JIAN MIGUEL
2,Table of 8,FUENTES ENRICO GABRIEL,ERGINA LEE EIGRAN,"15 - 4
Ref GAJON JOHN MICHAEL PHI
3:23 PM",ERGINA LEE EIGRAN
2,Semi-Finals,JOSE NOELITO JR.,LAURON SEAN PATRICK,"15 - 7
Ref CURIBA DOLLY MAE PHI
3:54 PM",JOSE NOELITO JR.
2,Semi-Finals,BAUTISTA JIAN MIGUEL,ERGINA LEE EIGRAN,"15 - 13
Ref GAJON JOHN MICHAEL PHI
4:05 PM",ERGINA LEE EIGRAN
2,Finals,JOSE NOELITO JR.,ERGINA LEE EIGRAN,"15 - 7
Ref GAJON JOHN MICHAEL PHI
4:48 PM",JOSE NOELITO JR.
3,Table of 64,PEREZ REYNALDO JR,- BYE -,,PEREZ REYNALDO JR
3,Table of 64,RAMOS THADDEUS,LARGO ZEBASTIAN ISAIAH,"15 - 9
Ref LARRAZABAL ALEXA NTP / PHI",LARGO ZEBASTIAN ISAIAH
3,Table of 64,DELA CRUZ DOMINIQUE PAUL,ESTEPA RODGE TRIONE,"15 - 13
Ref CABAERO ROBERT YGNATIUS UE / PHI",DELA CRUZ DOMINIQUE PAUL
3,Table of 64,PANGILINAN ABI FRANCE,HO CALIX ANDREAS,"15 - 5
Ref JAVINAR ELVIELYN PHI",HO CALIX ANDREAS
3,Table of 64,GERONIMO DON REYZEL,- BYE -,,GERONIMO DON REYZEL
3,Table of 64,MALVAR LORENZO MIGUEL,ENSAMTAN EDAN YAKOV,"15 - 12
Ref ABELLA HANNIEL NTP / PHI",ENSAMTAN EDAN YAKOV
3,Table of 64,MASANAGA RYUICHIRO,ARIAS ANTHONY BERNARD,"15 - 8
Ref CURIBA DOLLY MAE PHI",MASANAGA RYUICHIRO
3,Table of 64,- BYE -,ROMAN JESSLY REYAN,,ROMAN JESSLY REYAN
3,Table of 64,GUINTO YLLAC JAVIER,- BYE -,,GUINTO YLLAC JAVIER
3,Table of 64,BAUTISTA JOSE LORENZO,CAPINA DUNHILL,"15 - 11
Ref VALENA MALCOLM PHI",BAUTISTA JOSE LORENZO
3,Table of 64,MALINAO JOHN AGASTI,DATOR ALLAN,"15 - 4
Ref CABAERO RAVEN USTFT / PHI",MALINAO JOHN AGASTI
3,Table of 64,- BYE -,GALLANO RUZEL,,GALLANO RUZEL
3,Table of 64,IGARES DUSTIN,OCAMPO TAN ALLAN,"15 - 5
Ref DELOS SANTOS JAYMI NTP / PHI",IGARES DUSTIN
3,Table of 64,DE SILOS JOAQUIN PABLO,MUNOZ DEEN RAFAEL,"15 - 9
Ref CABAERO RAVEN USTFT / PHI",MUNOZ DEEN RAFAEL
3,Table of 64,PUTIAN ADAM,GATMAYTAN SAMUEL,"15 - 9
Ref JAVINAR ELVIELYN PHI",PUTIAN ADAM
3,Table of 64,- BYE -,ENCELAN RAMIL JR.,,ENCELAN RAMIL JR.
3,Table of 64,ERGINA LEE EIGRAN,- BYE -,,ERGINA LEE EIGRAN
3,Table of 64,BUNAGAN GABRIEL,RAMOS JOHN DEXTER,"15 - 5
Ref LARRAZABAL ALEXA NTP / PHI",RAMOS JOHN DEXTER
3,Table of 64,SINAY RUDDI OSBERT,SARMIENTO CHRISTIAN,"13 - 11
Ref ABELLA HANNIEL NTP / PHI",SARMIENTO CHRISTIAN
3,Table of 64,RODRIGUEZ VINCE BENJAMIN,DEL CASTILLO OSCAR GABRIEL,"15 - 2
Ref VALENA MALCOLM PHI",DEL CASTILLO OSCAR GABRIEL
3,Table of 64,GALE VON EUBERT,- BYE -,,GALE VON EUBERT
3,Table of 64,PANES KEN,PEDIAPCO FRANCO ANTONINO,"15 - 9
Ref CABAERO ROBERT YGNATIUS UE / PHI",PANES KEN
3,Table of 64,BAUTISTA JIAN MIGUEL,SALALIMA RALPH NIELSEN,"15 - 4
Ref CURIBA DOLLY MAE PHI",BAUTISTA JIAN MIGUEL
3,Table of 64,- BYE -,BUENTIPO JR. MEYNARDO EDWARD CARLO,,BUENTIPO JR. MEYNARDO EDWARD CARLO
3,Table of 64,FUENTES ENRICO GABRIEL,- BYE -,,FUENTES ENRICO GABRIEL
3,Table of 64,CONTADO ALJOR,PERALTA SIDNEY DEMITRI,"15 - 12
Ref DELOS SANTOS JAYMI NTP / PHI",CONTADO ALJOR
3,Table of 64,OBZUNAR AURELL FLORENCE,GRAHAM CHRISTOPHER FRANCIS,"15 - 9
Ref LARRAZABAL ALEXA NTP / PHI",OBZUNAR AURELL FLORENCE
3,Table of 64,- BYE -,GONZALES TIMOTHY DALE,,GONZALES TIMOTHY DALE
3,Table of 64,MAYO MATT JACOB,ONG MARIXON,"15 - 8
Ref CURIBA DOLLY MAE PHI",MAYO MATT JACOB
3,Table of 64,BUGARING DENZEL KENT,LAURON SEAN PATRICK,"15 - 4
Ref CABAERO ROBERT YGNATIUS UE / PHI",LAURON SEAN PATRICK
3,Table of 64,ESTEPA RODLEY FOURTH,MENDOZA JAIRUS,"15 - 14
Ref DELOS SANTOS JAYMI NTP / PHI",ESTEPA RODLEY FOURTH
3,Table of 64,- BYE -,JOSE NOELITO JR.,,JOSE NOELITO JR.
3,Table of 32,PEREZ REYNALDO JR,LARGO ZEBASTIAN ISAIAH,"15 - 8
Ref JAVINAR ELVIELYN PHI
1:05 PM",PEREZ REYNALDO JR
3,Table of 32,DELA CRUZ DOMINIQUE PAUL,HO CALIX ANDREAS,"13 - 12
Ref LARRAZABAL ALEXA NTP / PHI
1:06 PM",HO CALIX ANDREAS
3,Table of 32,GERONIMO DON REYZEL,ENSAMTAN EDAN YAKOV,"15 - 5
Ref ABELLA HANNIEL NTP / PHI
1:04 PM",ENSAMTAN EDAN YAKOV
3,Table of 32,MASANAGA RYUICHIRO,ROMAN JESSLY REYAN,"15 - 7
Ref DELOS SANTOS JAYMI NTP / PHI
1:05 PM",ROMAN JESSLY REYAN
3,Table of 32,GUINTO YLLAC JAVIER,BAUTISTA JOSE LORENZO,"15 - 7
Ref CABAERO ROBERT YGNATIUS UE / PHI
1:05 PM",GUINTO YLLAC JAVIER
3,Table of 32,MALINAO JOHN AGASTI,GALLANO RUZEL,"15 - 13
Ref CABAERO RAVEN USTFT / PHI
1:06 PM",GALLANO RUZEL
3,Table of 32,IGARES DUSTIN,MUNOZ DEEN RAFAEL,"15 - 9
Ref VALENA MALCOLM PHI
1:25 PM",MUNOZ DEEN RAFAEL
3,Table of 32,PUTIAN ADAM,ENCELAN RAMIL JR.,"15 - 10
Ref CURIBA DOLLY MAE PHI
1:22 PM",ENCELAN RAMIL JR.
3,Table of 32,ERGINA LEE EIGRAN,RAMOS JOHN DEXTER,"15 - 6
Ref ABELLA HANNIEL NTP / PHI
1:23 PM",ERGINA LEE EIGRAN
3,Table of 32,SARMIENTO CHRISTIAN,DEL CASTILLO OSCAR GABRIEL,"15 - 9
Ref DELOS SANTOS JAYMI NTP / PHI
1:28 PM",DEL CASTILLO OSCAR GABRIEL
3,Table of 32,GALE VON EUBERT,PANES KEN,"15 - 12
Ref CABAERO ROBERT YGNATIUS UE / PHI
1:21 PM",GALE VON EUBERT
3,Table of 32,BAUTISTA JIAN MIGUEL,BUENTIPO JR. MEYNARDO EDWARD CARLO,"15 - 9
Ref LARRAZABAL ALEXA NTP / PHI
1:22 PM",BAUTISTA JIAN MIGUEL
3,Table of 32,FUENTES ENRICO GABRIEL,CONTADO ALJOR,"15 - 9
Ref CURIBA DOLLY MAE PHI
1:23 PM",FUENTES ENRICO GABRIEL
3,Table of 32,OBZUNAR AURELL FLORENCE,GONZALES TIMOTHY DALE,"15 - 11
Ref CABAERO RAVEN USTFT / PHI
1:47 PM",GONZALES TIMOTHY DALE
3,Table of 32,MAYO MATT JACOB,LAURON SEAN PATRICK,"15 - 5
Ref VALENA MALCOLM PHI
1:45 PM",LAURON SEAN PATRICK
3,Table of 32,ESTEPA RODLEY FOURTH,JOSE NOELITO JR.,"15 - 2
Ref JAVINAR ELVIELYN PHI
1:44 PM",JOSE NOELITO JR.
3,Table of 16,PEREZ REYNALDO JR,HO CALIX ANDREAS,"15 - 10
Ref CURIBA DOLLY MAE PHI
2:16 PM",PEREZ REYNALDO JR
3,Table of 16,ENSAMTAN EDAN YAKOV,ROMAN JESSLY REYAN,"15 - 14
Ref CABAERO ROBERT YGNATIUS UE / PHI
2:25 PM",ENSAMTAN EDAN YAKOV
3,Table of 16,GUINTO YLLAC JAVIER,GALLANO RUZEL,"13 - 10
Ref LARRAZABAL ALEXA NTP / PHI
2:25 PM",GALLANO RUZEL
3,Table of 16,MUNOZ DEEN RAFAEL,ENCELAN RAMIL JR.,"15 - 13
Ref DELOS SANTOS JAYMI NTP / PHI
2:24 PM",ENCELAN RAMIL JR.
3,Table of 16,ERGINA LEE EIGRAN,DEL CASTILLO OSCAR GABRIEL,"15 - 10
Ref JAVINAR ELVIELYN PHI
2:38 PM",ERGINA LEE EIGRAN
3,Table of 16,GALE VON EUBERT,BAUTISTA JIAN MIGUEL,"15 - 10
Ref ABELLA HANNIEL NTP / PHI
2:43 PM",BAUTISTA JIAN MIGUEL
3,Table of 16,FUENTES ENRICO GABRIEL,GONZALES TIMOTHY DALE,"15 - 12
Ref CABAERO RAVEN USTFT / PHI
2:52 PM",GONZALES TIMOTHY DALE
3,Table of 16,LAURON SEAN PATRICK,JOSE NOELITO JR.,"15 - 6
Ref VALENA MALCOLM PHI
2:53 PM",JOSE NOELITO JR.
3,Table of 8,PEREZ REYNALDO JR,ENSAMTAN EDAN YAKOV,"15 - 10
Ref ABELLA HANNIEL NTP / PHI
3:22 PM",PEREZ REYNALDO JR
3,Table of 8,GALLANO RUZEL,ENCELAN RAMIL JR.,"15 - 6
Ref LARRAZABAL ALEXA NTP / PHI
3:23 PM",GALLANO RUZEL
3,Table of 8,ERGINA LEE EIGRAN,BAUTISTA JIAN MIGUEL,"15 - 14
Ref DELOS SANTOS JAYMI NTP / PHI
3:16 PM",BAUTISTA JIAN MIGUEL
3,Table of 8,GONZALES TIMOTHY DALE,JOSE NOELITO JR.,"15 - 9
Ref CURIBA DOLLY MAE PHI
3:24 PM",JOSE NOELITO JR.
3,Semi-Finals,PEREZ REYNALDO JR,GALLANO RUZEL,"15 - 10
Ref DELOS SANTOS JAYMI NTP / PHI
4:00 PM Strip 5",PEREZ REYNALDO JR
3,Semi-Finals,BAUTISTA JIAN MIGUEL,JOSE NOELITO JR.,"15 - 12
Ref ABELLA HANNIEL NTP / PHI
3:57 PM Strip F",JOSE NOELITO JR.
3,Finals,PEREZ REYNALDO JR,JOSE NOELITO JR.,"15 - 8
Ref ABELLA HANNIEL NTP / PHI
Video JAVINAR ELVIELYN PHI
4:40 PM Strip F",JOSE NOELITO JR.
4,Table of 64,JOSE NOELITO JR.,- BYE -,,JOSE NOELITO JR.
4,Table of 64,GALLANO RUZEL,OCAMPO TAN ALLAN,Opponent failed to appear,GALLANO RUZEL
4,Table of 64,PERALTA SIDNEY DEMITRI,TEE JACOB,"15 - 12
Ref ABELLA HANNIEL NTP / PHI",PERALTA SIDNEY DEMITRI
4,Table of 64,- BYE -,BAUTISTA JOSE LORENZO,,BAUTISTA JOSE LORENZO
4,Table of 64,MASANAGA RYUICHIRO,- BYE -,,MASANAGA RYUICHIRO
4,Table of 64,ARIAS ANTHONY BERNARD,MUNOZ DEEN RAFAEL,"15 - 8
Ref VALENA MALCOLM PHI",MUNOZ DEEN RAFAEL
4,Table of 64,BUENTIPO JR. MEYNARDO EDWARD CARLO,GUINTO YLLAC JAVIER,"15 - 11
Ref DELOS SANTOS JAYMI NTP / PHI",GUINTO YLLAC JAVIER
4,Table of 64,- BYE -,RAMOS JOHN DEXTER,,RAMOS JOHN DEXTER
4,Table of 64,LAURON SEAN PATRICK,- BYE -,,LAURON SEAN PATRICK
4,Table of 64,DATOR ALLAN,MAYO MATT JACOB,"15 - 11
Ref HARRISON ASHLEY MAE MICHELLE NTP / PHI",DATOR ALLAN
4,Table of 64,RODRIGUEZ VINCE BENJAMIN,GRAHAM CHRISTOPHER FRANCIS,"15 - 12
Ref OBZUNAR AURELL FLORENCE UE / PHI",RODRIGUEZ VINCE BENJAMIN
4,Table of 64,- BYE -,ERGINA LEE EIGRAN,,ERGINA LEE EIGRAN
4,Table of 64,CONTADO ALJOR,- BYE -,,CONTADO ALJOR
4,Table of 64,ONG MARIXON,GALE VON EUBERT,"15 - 7
Ref LARRAZABAL ALEXA NTP / PHI",GALE VON EUBERT
4,Table of 64,PANGILINAN ABI FRANCE,GERONIMO DON REYZEL,"15 - 13
Ref OBZUNAR AURELL FLORENCE UE / PHI",GERONIMO DON REYZEL
4,Table of 64,- BYE -,HO CALIX ANDREAS,,HO CALIX ANDREAS
4,Table of 64,GONZALES TIMOTHY DALE,- BYE -,,GONZALES TIMOTHY DALE
4,Table of 64,IGARES DUSTIN,BUNAGAN GABRIEL,"15 - 14
Ref CABAERO RAVEN PHI",IGARES DUSTIN
4,Table of 64,SARMIENTO CHRISTIAN,MENDOZA JAIRUS,"15 - 10
Ref HARRISON ASHLEY MAE MICHELLE NTP / PHI",SARMIENTO CHRISTIAN
4,Table of 64,- BYE -,PUTIAN ADAM,,PUTIAN ADAM
4,Table of 64,PANES KEN,- BYE -,,PANES KEN
4,Table of 64,RAMOS THADDEUS,MALINAO JOHN AGASTI,"15 - 11
Ref VALENA MALCOLM PHI",MALINAO JOHN AGASTI
4,Table of 64,ICASIANO AURELIO,PABALAN BRIANNE KLYDE,"15 - 9
Ref OBZUNAR AURELL FLORENCE UE / PHI",PABALAN BRIANNE KLYDE
4,Table of 64,- BYE -,ENSAMTAN EDAN YAKOV,,ENSAMTAN EDAN YAKOV
4,Table of 64,DEL CASTILLO OSCAR GABRIEL,- BYE -,,DEL CASTILLO OSCAR GABRIEL
4,Table of 64,MAMURIC JOSE SR,ESTEPA RODLEY FOURTH,"15 - 12
Ref CURIBA DOLLY MAE PHI",ESTEPA RODLEY FOURTH
4,Table of 64,ENCELAN RAMIL JR.,BLANCH ALECSANDREI ETHAN,"15 - 10
Ref LARRAZABAL ALEXA NTP / PHI",ENCELAN RAMIL JR.
4,Table of 64,- BYE -,FUENTES ENRICO GABRIEL,,FUENTES ENRICO GABRIEL
4,Table of 64,PEREZ REYNALDO JR,- BYE -,,PEREZ REYNALDO JR
4,Table of 64,ARIAS CALEB LEON,ROMAN JESSLY REYAN,"15 - 13
Ref ABELLA HANNIEL NTP / PHI",ROMAN JESSLY REYAN
4,Table of 64,SINAY RUDDI OSBERT,CAPINA DUNHILL,"15 - 14
Ref DELOS SANTOS JAYMI NTP / PHI",CAPINA DUNHILL
4,Table of 64,- BYE -,BAUTISTA JIAN MIGUEL,,BAUTISTA JIAN MIGUEL
4,Table of 32,JOSE NOELITO JR.,GALLANO RUZEL,"15 - 4
Ref HARRISON ASHLEY MAE MICHELLE NTP / PHI
12:20 PM",JOSE NOELITO JR.
4,Table of 32,PERALTA SIDNEY DEMITRI,BAUTISTA JOSE LORENZO,"15 - 13
Ref LARRAZABAL ALEXA NTP / PHI
12:30 PM",PERALTA SIDNEY DEMITRI
4,Table of 32,MASANAGA RYUICHIRO,MUNOZ DEEN RAFAEL,"15 - 12
Ref DELOS SANTOS JAYMI NTP / PHI
12:42 PM",MASANAGA RYUICHIRO
4,Table of 32,GUINTO YLLAC JAVIER,RAMOS JOHN DEXTER,"15 - 12
Ref ABELLA HANNIEL NTP / PHI
12:38 PM",GUINTO YLLAC JAVIER
4,Table of 32,LAURON SEAN PATRICK,DATOR ALLAN,"15 - 3
Ref CURIBA DOLLY MAE PHI
12:42 PM",LAURON SEAN PATRICK
4,Table of 32,RODRIGUEZ VINCE BENJAMIN,ERGINA LEE EIGRAN,"15 - 11
Ref DEL ROSARIO CLICHELLEYN PHI
12:38 PM",ERGINA LEE EIGRAN
4,Table of 32,CONTADO ALJOR,GALE VON EUBERT,"15 - 9
Ref OBZUNAR AURELL FLORENCE UE / PHI
12:34 PM",CONTADO ALJOR
4,Table of 32,GERONIMO DON REYZEL,HO CALIX ANDREAS,"15 - 14
Ref CABAERO RAVEN PHI
12:46 PM",HO CALIX ANDREAS
4,Table of 32,GONZALES TIMOTHY DALE,IGARES DUSTIN,"15 - 10
Ref OBZUNAR AURELL FLORENCE UE / PHI
12:39 PM",GONZALES TIMOTHY DALE
4,Table of 32,SARMIENTO CHRISTIAN,PUTIAN ADAM,"15 - 4
Ref CABAERO RAVEN PHI
1:00 PM",PUTIAN ADAM
4,Table of 32,PANES KEN,MALINAO JOHN AGASTI,"15 - 14
Ref DAYRO JOHN PAUL UP / PHI
12:53 PM",MALINAO JOHN AGASTI
4,Table of 32,PABALAN BRIANNE KLYDE,ENSAMTAN EDAN YAKOV,"15 - 7
Ref HARRISON ASHLEY MAE MICHELLE NTP / PHI
12:58 PM",ENSAMTAN EDAN YAKOV
4,Table of 32,DEL CASTILLO OSCAR GABRIEL,ESTEPA RODLEY FOURTH,"15 - 5
Ref LARRAZABAL ALEXA NTP / PHI
1:01 PM",DEL CASTILLO OSCAR GABRIEL
4,Table of 32,ENCELAN RAMIL JR.,FUENTES ENRICO GABRIEL,"15 - 10
12:57 PM",ENCELAN RAMIL JR.
4,Table of 32,PEREZ REYNALDO JR,ROMAN JESSLY REYAN,"15 - 10
Ref VALENA MALCOLM PHI
1:01 PM",ROMAN JESSLY REYAN
4,Table of 32,CAPINA DUNHILL,BAUTISTA JIAN MIGUEL,"15 - 6
Ref DELOS SANTOS JAYMI NTP / PHI
1:06 PM",BAUTISTA JIAN MIGUEL
4,Table of 16,JOSE NOELITO JR.,PERALTA SIDNEY DEMITRI,"15 - 2
Ref HARRISON ASHLEY MAE MICHELLE NTP / PHI
1:33 PM",JOSE NOELITO JR.
4,Table of 16,MASANAGA RYUICHIRO,GUINTO YLLAC JAVIER,"15 - 10
Ref DELOS SANTOS JAYMI NTP / PHI
1:36 PM",GUINTO YLLAC JAVIER
4,Table of 16,LAURON SEAN PATRICK,ERGINA LEE EIGRAN,"15 - 12
Ref CABAERO RAVEN PHI
1:28 PM",ERGINA LEE EIGRAN
4,Table of 16,CONTADO ALJOR,HO CALIX ANDREAS,"15 - 13
Ref DEL ROSARIO CLICHELLEYN PHI
1:33 PM",CONTADO ALJOR
4,Table of 16,GONZALES TIMOTHY DALE,PUTIAN ADAM,"15 - 9
Ref VALENA MALCOLM PHI
1:55 PM",GONZALES TIMOTHY DALE
4,Table of 16,MALINAO JOHN AGASTI,ENSAMTAN EDAN YAKOV,"9 - 8
Ref DAYRO JOHN PAUL UP / PHI
Video LARRAZABAL ALEXA NTP / PHI
1:56 PM",MALINAO JOHN AGASTI
4,Table of 16,DEL CASTILLO OSCAR GABRIEL,ENCELAN RAMIL JR.,"15 - 14
Ref CURIBA DOLLY MAE PHI
Video OBZUNAR AURELL FLORENCE UE / PHI
1:59 PM",DEL CASTILLO OSCAR GABRIEL
4,Table of 16,ROMAN JESSLY REYAN,BAUTISTA JIAN MIGUEL,"15 - 8
Ref ABELLA HANNIEL NTP / PHI
1:54 PM",BAUTISTA JIAN MIGUEL
4,Table of 8,JOSE NOELITO JR.,GUINTO YLLAC JAVIER,"15 - 5
Ref ABELLA HANNIEL NTP / PHI
2:34 PM",JOSE NOELITO JR.
4,Table of 8,ERGINA LEE EIGRAN,CONTADO ALJOR,"15 - 2
Ref HARRISON ASHLEY MAE MICHELLE NTP / PHI
2:32 PM",ERGINA LEE EIGRAN
4,Table of 8,GONZALES TIMOTHY DALE,MALINAO JOHN AGASTI,"15 - 11
Ref LARRAZABAL ALEXA NTP / PHI
2:33 PM",GONZALES TIMOTHY DALE
4,Table of 8,DEL CASTILLO OSCAR GABRIEL,BAUTISTA JIAN MIGUEL,"15 - 12
Ref DELOS SANTOS JAYMI NTP / PHI
2:33 PM",BAUTISTA JIAN MIGUEL
4,Semi-Finals,JOSE NOELITO JR.,ERGINA LEE EIGRAN,"15 - 11
Ref HARRISON ASHLEY MAE MICHELLE NTP / PHI
Video ABELLA HANNIEL NTP / PHI
2:55 PM",JOSE NOELITO JR.
4,Semi-Finals,GONZALES TIMOTHY DALE,BAUTISTA JIAN MIGUEL,"15 - 12
Ref DELOS SANTOS JAYMI NTP / PHI
Video LARRAZABAL ALEXA NTP / PHI
3:04 PM",GONZALES TIMOTHY DALE
4,Finals,JOSE NOELITO JR.,GONZALES TIMOTHY DALE,"12 - 10
Ref DELOS SANTOS JAYMI NTP / PHI
Video ABELLA HANNIEL NTP / PHI
3:28 PM",JOSE NOELITO JR.
5,Table of 64,DEL CASTILLO OSCAR GABRIEL,- BYE -,,DEL CASTILLO OSCAR GABRIEL
5,Table of 64,PURISIMA ALDWIN TROY,DATOR ALLAN,"15 - 10
Ref HARRISON ASHLEY-MAE MICHELLE PF / PHI",DATOR ALLAN
5,Table of 64,GODBOUT JOSEPH ANTHONY,- BYE -,,GODBOUT JOSEPH ANTHONY
5,Table of 64,- BYE -,MALVAR LORENZO MIGUEL,,MALVAR LORENZO MIGUEL
5,Table of 64,SINAY RUDDI OSBERT,- BYE -,,SINAY RUDDI OSBERT
5,Table of 64,- BYE -,ROMAN JESSLY REYAN,,ROMAN JESSLY REYAN
5,Table of 64,ALERTA JOEB,- BYE -,,ALERTA JOEB
5,Table of 64,- BYE -,LAURON SEAN PATRICK,,LAURON SEAN PATRICK
5,Table of 64,ERGINA LEE EIGRAN,- BYE -,,ERGINA LEE EIGRAN
5,Table of 64,GUINTO YLLAC JAVIER,BUNAGAN GABRIEL,"15 - 12
Ref ABELLA HANNIEL NTP / PHI",GUINTO YLLAC JAVIER
5,Table of 64,GONZALES TIMOTHY DALE,- BYE -,,GONZALES TIMOTHY DALE
5,Table of 64,- BYE -,HO CALIX ANDREAS,,HO CALIX ANDREAS
5,Table of 64,MALINAO JOHN AGASTI,- BYE -,,MALINAO JOHN AGASTI
5,Table of 64,- BYE -,MUNOZ DEEN RAFAEL,,MUNOZ DEEN RAFAEL
5,Table of 64,DE SILOS JOAQUIN PABLO,GRAHAM CHRISTOPHER FRANCIS,"15 - 13
Ref LARRAZABAL ALEXA NTP / PHI",GRAHAM CHRISTOPHER FRANCIS
5,Table of 64,- BYE -,ROYERAS EDEL,,ROYERAS EDEL
5,Table of 64,GALLANO RUZEL,- BYE -,,GALLANO RUZEL
5,Table of 64,ARIAS ANTHONY BERNARD,CONTADO ALJOR,"15 - 9
Ref CABAERO RAVEN PHI",CONTADO ALJOR
5,Table of 64,MAYO MATT JACOB,- BYE -,,MAYO MATT JACOB
5,Table of 64,- BYE -,VILOS KYLLE ALDRICH,,VILOS KYLLE ALDRICH
5,Table of 64,IGARES DUSTIN,- BYE -,,IGARES DUSTIN
5,Table of 64,- BYE -,MENDOZA JAIRUS,,MENDOZA JAIRUS
5,Table of 64,RAMOS JOHN DEXTER,TEE JACOB,"15 - 7
Ref DELOS SANTOS JAYMI NTP / PHI",RAMOS JOHN DEXTER
5,Table of 64,- BYE -,GERONIMO DON REYZEL,,GERONIMO DON REYZEL
5,Table of 64,ENSAMTAN EDAN YAKOV,- BYE -,,ENSAMTAN EDAN YAKOV
5,Table of 64,- BYE -,BAUTISTA JOSE LORENZO,,BAUTISTA JOSE LORENZO
5,Table of 64,CAPINA DUNHILL,- BYE -,,CAPINA DUNHILL
5,Table of 64,- BYE -,BLANCH ALECSANDREI ETHAN,,BLANCH ALECSANDREI ETHAN
5,Table of 64,FUENTES ENRICO GABRIEL,- BYE -,,FUENTES ENRICO GABRIEL
5,Table of 64,- BYE -,MIRANDA IAN HEINZ,,MIRANDA IAN HEINZ
5,Table of 64,SESE JUANCHO MIGUEL,PANES KEN,"15 - 5
Ref OBZUNAR AURELL FLORENCE UE / PHI",PANES KEN
5,Table of 64,- BYE -,BAUTISTA JIAN MIGUEL,,BAUTISTA JIAN MIGUEL
5,Table of 32,DEL CASTILLO OSCAR GABRIEL,DATOR ALLAN,"15 - 6
Ref ABELLA HANNIEL NTP / PHI
11:21 AM",DEL CASTILLO OSCAR GABRIEL
5,Table of 32,GODBOUT JOSEPH ANTHONY,MALVAR LORENZO MIGUEL,"15 - 13
Ref DELOS SANTOS JAYMI NTP / PHI",GODBOUT JOSEPH ANTHONY
5,Table of 32,SINAY RUDDI OSBERT,ROMAN JESSLY REYAN,"15 - 6
Ref ABELLA HANNIEL NTP / PHI",ROMAN JESSLY REYAN
5,Table of 32,ALERTA JOEB,LAURON SEAN PATRICK,"11 - 7
Ref LARRAZABAL ALEXA NTP / PHI",LAURON SEAN PATRICK
5,Table of 32,ERGINA LEE EIGRAN,GUINTO YLLAC JAVIER,"15 - 8
Ref CABAERO RAVEN PHI
11:24 AM",ERGINA LEE EIGRAN
5,Table of 32,GONZALES TIMOTHY DALE,HO CALIX ANDREAS,"15 - 9
Ref PEREZ REYNALDO JR UE / PHI",GONZALES TIMOTHY DALE
5,Table of 32,MALINAO JOHN AGASTI,MUNOZ DEEN RAFAEL,"15 - 11
Ref HARRISON ASHLEY-MAE MICHELLE PF / PHI",MALINAO JOHN AGASTI
5,Table of 32,GRAHAM CHRISTOPHER FRANCIS,ROYERAS EDEL,"15 - 10
Ref HARRISON ASHLEY-MAE MICHELLE PF / PHI
11:24 AM",ROYERAS EDEL
5,Table of 32,GALLANO RUZEL,CONTADO ALJOR,"15 - 9
Ref LIM JAMES LIMUEL UE / PHI
11:23 AM",GALLANO RUZEL
5,Table of 32,MAYO MATT JACOB,VILOS KYLLE ALDRICH,"15 - 14
Ref DAYRO JOHN PAUL UP / PHI",MAYO MATT JACOB
5,Table of 32,IGARES DUSTIN,MENDOZA JAIRUS,"15 - 12
Ref OBZUNAR AURELL FLORENCE UE / PHI",MENDOZA JAIRUS
5,Table of 32,RAMOS JOHN DEXTER,GERONIMO DON REYZEL,"15 - 9
Ref LARRAZABAL ALEXA NTP / PHI
11:21 AM",RAMOS JOHN DEXTER
5,Table of 32,ENSAMTAN EDAN YAKOV,BAUTISTA JOSE LORENZO,"15 - 6
Ref CABAERO ROBERT YGNATIUS UE / PHI",ENSAMTAN EDAN YAKOV
5,Table of 32,CAPINA DUNHILL,BLANCH ALECSANDREI ETHAN,"15 - 8
Ref LIM JAMES LIMUEL UE / PHI",BLANCH ALECSANDREI ETHAN
5,Table of 32,FUENTES ENRICO GABRIEL,MIRANDA IAN HEINZ,"15 - 11
Ref DELOS SANTOS JAYMI NTP / PHI",FUENTES ENRICO GABRIEL
5,Table of 32,PANES KEN,BAUTISTA JIAN MIGUEL,"15 - 9
Ref OBZUNAR AURELL FLORENCE UE / PHI
11:21 AM",BAUTISTA JIAN MIGUEL
5,Table of 16,DEL CASTILLO OSCAR GABRIEL,GODBOUT JOSEPH ANTHONY,"15 - 13
Ref CABAERO RAVEN PHI
12:10 PM",DEL CASTILLO OSCAR GABRIEL
5,Table of 16,ROMAN JESSLY REYAN,LAURON SEAN PATRICK,"4 - 4
Ref DELOS SANTOS JAYMI NTP / PHI
11:53 AM",LAURON SEAN PATRICK
5,Table of 16,ERGINA LEE EIGRAN,GONZALES TIMOTHY DALE,"15 - 12
Ref PEREZ REYNALDO JR UE / PHI
12:11 PM",ERGINA LEE EIGRAN
5,Table of 16,MALINAO JOHN AGASTI,ROYERAS EDEL,"15 - 10
Ref HARRISON ASHLEY-MAE MICHELLE PF / PHI
12:20 PM",MALINAO JOHN AGASTI
5,Table of 16,GALLANO RUZEL,MAYO MATT JACOB,"15 - 10
Ref LARRAZABAL ALEXA NTP / PHI
12:12 PM",GALLANO RUZEL
5,Table of 16,MENDOZA JAIRUS,RAMOS JOHN DEXTER,"15 - 12
Ref DAYRO JOHN PAUL UP / PHI
12:13 PM",RAMOS JOHN DEXTER
5,Table of 16,ENSAMTAN EDAN YAKOV,BLANCH ALECSANDREI ETHAN,"15 - 12
Ref OBZUNAR AURELL FLORENCE UE / PHI
11:56 AM",ENSAMTAN EDAN YAKOV
5,Table of 16,FUENTES ENRICO GABRIEL,BAUTISTA JIAN MIGUEL,"15 - 12
Ref ABELLA HANNIEL NTP / PHI
12:12 PM",BAUTISTA JIAN MIGUEL
5,Table of 8,DEL CASTILLO OSCAR GABRIEL,LAURON SEAN PATRICK,"15 - 12
Ref DELOS SANTOS JAYMI NTP / PHI
12:48 PM",LAURON SEAN PATRICK
5,Table of 8,ERGINA LEE EIGRAN,MALINAO JOHN AGASTI,"15 - 5
Ref LARRAZABAL ALEXA NTP / PHI
12:47 PM",ERGINA LEE EIGRAN
5,Table of 8,GALLANO RUZEL,RAMOS JOHN DEXTER,"13 - 12
Ref HARRISON ASHLEY-MAE MICHELLE PF / PHI
12:48 PM",RAMOS JOHN DEXTER
5,Table of 8,ENSAMTAN EDAN YAKOV,BAUTISTA JIAN MIGUEL,"15 - 12
Ref ABELLA HANNIEL NTP / PHI
12:51 PM",BAUTISTA JIAN MIGUEL
5,Semi-Finals,LAURON SEAN PATRICK,ERGINA LEE EIGRAN,"15 - 9
Ref DELOS SANTOS JAYMI NTP / PHI
1:22 PM",LAURON SEAN PATRICK
5,Semi-Finals,RAMOS JOHN DEXTER,BAUTISTA JIAN MIGUEL,"15 - 12
Ref ABELLA HANNIEL NTP / PHI
Video HARRISON ASHLEY-MAE MICHELLE PF / PHI
1:22 PM",BAUTISTA JIAN MIGUEL
5,Finals,LAURON SEAN PATRICK,BAUTISTA JIAN MIGUEL,"15 - 10
Ref LARRAZABAL ALEXA NTP / PHI
1:51 PM",BAUTISTA JIAN MIGUEL